data_referencia,ano,trimestre_num,trimestre,uf_id,taxa_desocupacao_pct,taxa_subutilizacao_pct
2021-10-01,2021,4,4º trimestre,33,14.2,22.4
2017-01-01,2017,1,1º trimestre,13,18.0,28.2
2023-07-01,2023,3,3º trimestre,12,6.2,16.8
2012-07-01,2012,3,3º trimestre,22,6.2,28.8
2021-10-01,2021,4,4º trimestre,22,11.9,42.8
2015-04-01,2015,2,2º trimestre,52,7.5,11.6
2025-07-01,2025,3,3º trimestre,23,6.4,18.5
2021-04-01,2021,2,2º trimestre,41,9.1,18.6
2022-01-01,2022,1,1º trimestre,27,14.2,38.4
2021-10-01,2021,4,4º trimestre,21,13.6,40.5
2014-01-01,2014,1,1º trimestre,17,8.6,19.8
2026-01-01,2026,1,1º trimestre,33,7.3,13.2
2025-01-01,2025,1,1º trimestre,50,4.0,9.8
2021-01-01,2021,1,1º trimestre,13,17.7,36.0
2024-10-01,2024,4,4º trimestre,17,5.1,16.9
2025-04-01,2025,2,2º trimestre,25,7.0,23.1
2021-10-01,2021,4,4º trimestre,53,12.1,24.0
2017-01-01,2017,1,1º trimestre,22,12.8,40.7
2025-01-01,2025,1,1º trimestre,43,5.3,10.3
2012-10-01,2012,4,4º trimestre,29,10.8,30.9
2018-04-01,2018,2,2º trimestre,33,15.5,20.0
2014-04-01,2014,2,2º trimestre,14,5.5,16.7
2015-07-01,2015,3,3º trimestre,42,4.4,7.3
2014-04-01,2014,2,2º trimestre,23,7.5,23.0
2024-04-01,2024,2,2º trimestre,24,9.2,21.8
2019-04-01,2019,2,2º trimestre,35,12.9,21.6
2020-10-01,2020,4,4º trimestre,12,15.7,36.2
2018-07-01,2018,3,3º trimestre,51,6.8,14.4
2023-10-01,2023,4,4º trimestre,13,8.8,17.6
2015-10-01,2015,4,4º trimestre,35,10.2,15.1
2020-01-01,2020,1,1º trimestre,27,16.8,38.3
2022-10-01,2022,4,4º trimestre,26,12.3,26.9
2014-04-01,2014,2,2º trimestre,21,7.3,22.0
2018-04-01,2018,2,2º trimestre,27,17.7,37.8
2014-01-01,2014,1,1º trimestre,42,3.1,5.5
2022-07-01,2022,3,3º trimestre,25,10.9,29.1
2012-01-01,2012,1,1º trimestre,35,7.8,16.6
2022-04-01,2022,2,2º trimestre,22,9.4,42.3
2018-07-01,2018,3,3º trimestre,23,10.7,30.0
2024-01-01,2024,1,1º trimestre,26,12.4,27.3
2015-01-01,2015,1,1º trimestre,50,6.3,14.6
2021-10-01,2021,4,4º trimestre,29,17.3,39.1
2026-01-01,2026,1,1º trimestre,52,5.1,9.1
2012-10-01,2012,4,4º trimestre,23,7.5,25.9
2016-01-01,2016,1,1º trimestre,35,12.2,17.7
2012-04-01,2012,2,2º trimestre,53,8.5,14.8
2019-07-01,2019,3,3º trimestre,33,14.6,20.8
2024-07-01,2024,3,3º trimestre,31,5.0,12.5
2019-10-01,2019,4,4º trimestre,50,6.7,16.3
2021-04-01,2021,2,2º trimestre,28,19.5,44.3
2014-07-01,2014,3,3º trimestre,53,8.9,14.6
2013-04-01,2013,2,2º trimestre,17,8.2,21.8
2017-04-01,2017,2,2º trimestre,42,7.5,10.7
2015-04-01,2015,2,2º trimestre,16,10.3,22.1
2020-10-01,2020,4,4º trimestre,29,20.6,45.3
2025-10-01,2025,4,4º trimestre,29,8.0,25.4
2020-10-01,2020,4,4º trimestre,52,12.8,21.0
2013-04-01,2013,2,2º trimestre,33,7.0,10.6
2013-07-01,2013,3,3º trimestre,50,4.4,11.8
2012-01-01,2012,1,1º trimestre,21,7.9,27.1
2020-07-01,2020,3,3º trimestre,41,10.5,21.0
2012-04-01,2012,2,2º trimestre,28,10.9,29.8
2019-07-01,2019,3,3º trimestre,15,11.3,26.9
2018-10-01,2018,4,4º trimestre,53,12.1,22.2
2022-07-01,2022,3,3º trimestre,53,11.0,21.0
2024-10-01,2024,4,4º trimestre,28,8.4,25.9
2018-10-01,2018,4,4º trimestre,23,10.2,29.6
2017-04-01,2017,2,2º trimestre,31,12.2,23.1
2023-07-01,2023,3,3º trimestre,22,9.9,38.4
2022-10-01,2022,4,4º trimestre,35,7.7,15.4
2020-07-01,2020,3,3º trimestre,42,6.7,12.7
2021-07-01,2021,3,3º trimestre,35,13.4,24.0
2015-07-01,2015,3,3º trimestre,51,6.7,11.6
2023-04-01,2023,2,2º trimestre,17,6.5,18.6
2012-10-01,2012,4,4º trimestre,28,9.7,28.0
2015-07-01,2015,3,3º trimestre,27,10.9,24.5
2024-10-01,2024,4,4º trimestre,24,8.7,20.4
2016-07-01,2016,3,3º trimestre,22,9.6,32.9
2014-04-01,2014,2,2º trimestre,42,2.8,5.2
2019-04-01,2019,2,2º trimestre,29,17.5,40.3
2019-04-01,2019,2,2º trimestre,32,11.0,18.7
2022-04-01,2022,2,2º trimestre,24,12.0,31.1
2022-04-01,2022,2,2º trimestre,41,6.1,13.7
2014-10-01,2014,4,4º trimestre,21,7.2,22.1
2019-07-01,2019,3,3º trimestre,14,15.0,29.6
2018-07-01,2018,3,3º trimestre,50,7.3,16.8
2020-01-01,2020,1,1º trimestre,16,17.4,30.7
2012-07-01,2012,3,3º trimestre,27,11.6,23.6
2024-07-01,2024,3,3º trimestre,29,9.7,29.0
2013-01-01,2013,1,1º trimestre,12,10.9,23.3
2015-07-01,2015,3,3º trimestre,33,8.3,10.9
2016-10-01,2016,4,4º trimestre,31,11.2,21.9
2013-10-01,2013,4,4º trimestre,13,7.7,14.4
2024-07-01,2024,3,3º trimestre,24,8.9,21.5
2015-01-01,2015,1,1º trimestre,23,8.1,22.7
2022-07-01,2022,3,3º trimestre,31,6.3,15.9
2022-07-01,2022,3,3º trimestre,42,3.8,6.9
2012-10-01,2012,4,4º trimestre,26,9.2,21.8
2021-07-01,2021,3,3º trimestre,14,10.6,25.3
2018-01-01,2018,1,1º trimestre,32,12.7,20.2
2013-01-01,2013,1,1º trimestre,32,7.8,13.1
2017-04-01,2017,2,2º trimestre,41,8.9,15.8
2014-04-01,2014,2,2º trimestre,52,5.4,9.5
2014-07-01,2014,3,3º trimestre,52,5.2,9.5
2019-10-01,2019,4,4º trimestre,25,12.2,33.8
2023-07-01,2023,3,3º trimestre,23,9.2,24.7
2014-07-01,2014,3,3º trimestre,12,7.0,15.2
2022-04-01,2022,2,2º trimestre,21,10.8,34.2
2021-04-01,2021,2,2º trimestre,21,17.8,46.6
2018-10-01,2018,4,4º trimestre,35,12.6,20.5
2020-10-01,2020,4,4º trimestre,21,14.8,45.1
2025-04-01,2025,2,2º trimestre,26,10.4,25.1
2025-10-01,2025,4,4º trimestre,51,2.4,6.1
2014-04-01,2014,2,2º trimestre,50,3.9,11.0
2015-07-01,2015,3,3º trimestre,41,6.2,11.9
2013-01-01,2013,1,1º trimestre,25,9.6,34.2
2014-07-01,2014,3,3º trimestre,42,3.0,5.2
2023-01-01,2023,1,1º trimestre,16,12.2,22.1
2026-01-01,2026,1,1º trimestre,42,2.7,4.7
2019-10-01,2019,4,4º trimestre,41,7.4,15.9
2021-04-01,2021,2,2º trimestre,13,15.8,33.0
2023-07-01,2023,3,3º trimestre,21,6.8,27.0
2024-01-01,2024,1,1º trimestre,25,9.9,26.1
2018-10-01,2018,4,4º trimestre,28,15.2,36.6
2016-07-01,2016,3,3º trimestre,53,12.1,18.2
2020-10-01,2020,4,4º trimestre,32,13.5,23.4
2024-10-01,2024,4,4º trimestre,14,6.6,16.7
2012-10-01,2012,4,4º trimestre,42,2.7,6.2
2024-07-01,2024,3,3º trimestre,51,2.3,7.6
2023-07-01,2023,3,3º trimestre,52,6.0,12.1
2023-10-01,2023,4,4º trimestre,50,4.1,9.2
2012-04-01,2012,2,2º trimestre,11,6.3,16.5
2016-07-01,2016,3,3º trimestre,14,9.9,20.1
2024-10-01,2024,4,4º trimestre,29,10.0,29.2
2015-07-01,2015,3,3º trimestre,25,10.5,30.5
2017-01-01,2017,1,1º trimestre,32,14.7,20.6
2026-01-01,2026,1,1º trimestre,50,3.8,8.0
2025-04-01,2025,2,2º trimestre,29,9.1,27.0
2015-01-01,2015,1,1º trimestre,43,5.8,12.1
2022-10-01,2022,4,4º trimestre,42,3.3,6.0
2015-01-01,2015,1,1º trimestre,29,11.4,30.0
2024-01-01,2024,1,1º trimestre,51,3.8,10.3
2026-01-01,2026,1,1º trimestre,26,9.2,22.2
2014-07-01,2014,3,3º trimestre,21,6.8,20.4
2019-04-01,2019,2,2º trimestre,42,6.1,10.8
2013-01-01,2013,1,1º trimestre,16,11.5,19.3
2025-04-01,2025,2,2º trimestre,50,2.9,8.1
2016-07-01,2016,3,3º trimestre,13,13.8,24.5
2013-04-01,2013,2,2º trimestre,25,9.0,33.2
2024-04-01,2024,2,2º trimestre,29,11.0,29.8
2015-10-01,2015,4,4º trimestre,16,13.0,19.1
2012-01-01,2012,1,1º trimestre,22,7.7,35.2
2019-10-01,2019,4,4º trimestre,17,9.3,26.1
2018-04-01,2018,2,2º trimestre,42,6.6,10.9
2023-04-01,2023,2,2º trimestre,22,9.7,39.6
2018-01-01,2018,1,1º trimestre,35,14.1,21.1
2013-10-01,2013,4,4º trimestre,41,3.8,9.1
2013-07-01,2013,3,3º trimestre,53,8.9,16.4
2017-01-01,2017,1,1º trimestre,52,12.8,19.2
2015-01-01,2015,1,1º trimestre,22,7.9,32.7
2018-01-01,2018,1,1º trimestre,15,12.2,32.8
2020-01-01,2020,1,1º trimestre,29,18.9,40.4
2024-10-01,2024,4,4º trimestre,27,8.1,26.4
2023-04-01,2023,2,2º trimestre,13,9.7,20.2
2018-10-01,2018,4,4º trimestre,22,12.4,41.7
2018-01-01,2018,1,1º trimestre,29,18.1,40.8
2014-01-01,2014,1,1º trimestre,22,7.1,33.5
2017-10-01,2017,4,4º trimestre,23,11.2,29.6
2023-01-01,2023,1,1º trimestre,32,7.0,13.9
2025-01-01,2025,1,1º trimestre,52,5.3,10.6
2023-04-01,2023,2,2º trimestre,31,5.8,13.6
2024-01-01,2024,1,1º trimestre,17,6.1,18.4
2024-07-01,2024,3,3º trimestre,25,7.8,22.4
2014-07-01,2014,3,3º trimestre,24,10.7,26.1
2021-07-01,2021,3,3º trimestre,16,17.4,28.5
2017-04-01,2017,2,2º trimestre,29,17.6,38.0
2014-07-01,2014,3,3º trimestre,23,7.5,22.6
2021-07-01,2021,3,3º trimestre,28,17.2,42.2
2015-01-01,2015,1,1º trimestre,13,9.5,16.4
2016-01-01,2016,1,1º trimestre,11,7.6,12.5
2014-01-01,2014,1,1º trimestre,41,4.2,9.2
2022-07-01,2022,3,3º trimestre,12,10.0,22.2
2012-10-01,2012,4,4º trimestre,31,6.3,15.9
2020-04-01,2020,2,2º trimestre,52,13.1,24.7
2023-04-01,2023,2,2º trimestre,26,14.2,27.1
2015-10-01,2015,4,4º trimestre,23,9.1,23.4
2016-01-01,2016,1,1º trimestre,14,8.4,16.6
2021-10-01,2021,4,4º trimestre,16,17.4,25.8
2020-01-01,2020,1,1º trimestre,17,11.5,26.2
2014-10-01,2014,4,4º trimestre,35,7.2,11.9
2022-01-01,2022,1,1º trimestre,25,14.3,33.2
2019-07-01,2019,3,3º trimestre,31,10.0,22.4
2025-04-01,2025,2,2º trimestre,51,2.8,6.8
2025-10-01,2025,4,4º trimestre,21,5.6,22.8
2017-10-01,2017,4,4º trimestre,41,8.3,15.9
2022-01-01,2022,1,1º trimestre,23,11.1,31.0
2024-01-01,2024,1,1º trimestre,24,9.8,24.2
2017-10-01,2017,4,4º trimestre,53,13.4,19.8
2023-04-01,2023,2,2º trimestre,14,5.1,12.5
2024-04-01,2024,2,2º trimestre,28,9.2,25.4
2023-04-01,2023,2,2º trimestre,32,6.4,12.4
2019-10-01,2019,4,4º trimestre,12,13.8,32.0
2016-01-01,2016,1,1º trimestre,15,10.1,24.2
2022-01-01,2022,1,1º trimestre,17,9.3,23.1
2018-04-01,2018,2,2º trimestre,53,12.3,21.7
2012-01-01,2012,1,1º trimestre,16,12.6,27.9
2021-01-01,2021,1,1º trimestre,23,15.1,39.2
2020-07-01,2020,3,3º trimestre,23,14.2,39.1
2013-07-01,2013,3,3º trimestre,28,10.1,29.4
2017-07-01,2017,3,3º trimestre,53,12.3,19.7
2014-07-01,2014,3,3º trimestre,11,4.2,9.1
2012-04-01,2012,2,2º trimestre,21,9.3,24.5
2019-01-01,2019,1,1º trimestre,28,15.6,36.3
2025-10-01,2025,4,4º trimestre,15,5.8,18.7
2019-04-01,2019,2,2º trimestre,22,13.0,43.6
2014-10-01,2014,4,4º trimestre,50,3.9,11.7
2013-10-01,2013,4,4º trimestre,33,6.2,9.2
2021-07-01,2021,3,3º trimestre,22,12.0,42.6
2023-01-01,2023,1,1º trimestre,41,5.4,12.0
2016-04-01,2016,2,2º trimestre,21,12.1,31.1
2024-01-01,2024,1,1º trimestre,42,3.9,7.0
2015-04-01,2015,2,2º trimestre,29,12.8,31.0
2022-07-01,2022,3,3º trimestre,32,7.3,15.5
2012-07-01,2012,3,3º trimestre,25,8.6,30.5
2023-10-01,2023,4,4º trimestre,31,5.7,13.7
2021-07-01,2021,3,3º trimestre,50,7.7,18.0
2018-01-01,2018,1,1º trimestre,13,14.0,26.8
2023-01-01,2023,1,1º trimestre,11,3.1,6.7
2020-07-01,2020,3,3º trimestre,11,11.7,22.2
2016-07-01,2016,3,3º trimestre,32,12.9,18.1
2024-10-01,2024,4,4º trimestre,51,2.5,7.0
2012-07-01,2012,3,3º trimestre,42,3.2,7.1
2024-07-01,2024,3,3º trimestre,32,4.1,8.4
2013-07-01,2013,3,3º trimestre,31,6.3,15.1
2018-07-01,2018,3,3º trimestre,52,9.0,16.8
2016-07-01,2016,3,3º trimestre,17,10.8,19.0
2025-07-01,2025,3,3º trimestre,43,4.1,8.6
2022-01-01,2022,1,1º trimestre,24,14.2,33.2
2017-04-01,2017,2,2º trimestre,24,15.8,33.6
2025-04-01,2025,2,2º trimestre,41,3.8,10.0
2021-10-01,2021,4,4º trimestre,25,13.0,36.0
2023-01-01,2023,1,1º trimestre,24,12.3,29.7
2013-04-01,2013,2,2º trimestre,53,9.2,16.0
2024-10-01,2024,4,4º trimestre,31,4.3,12.1
2016-10-01,2016,4,4º trimestre,42,6.2,9.5
2021-01-01,2021,1,1º trimestre,43,9.5,18.9
2016-10-01,2016,4,4º trimestre,33,13.6,16.5
2023-07-01,2023,3,3º trimestre,53,8.9,16.2
2013-07-01,2013,3,3º trimestre,25,8.6,32.9
2022-04-01,2022,2,2º trimestre,11,5.7,11.2
2015-07-01,2015,3,3º trimestre,17,9.3,20.0
2014-01-01,2014,1,1º trimestre,16,11.4,19.6
2017-07-01,2017,3,3º trimestre,23,11.9,31.2
2016-04-01,2016,2,2º trimestre,43,8.9,15.6
2018-10-01,2018,4,4º trimestre,16,19.8,33.9
2023-01-01,2023,1,1º trimestre,51,4.5,9.5
2023-10-01,2023,4,4º trimestre,28,11.3,30.9
2020-07-01,2020,3,3º trimestre,33,19.3,29.8
2014-04-01,2014,2,2º trimestre,43,5.0,10.9
2016-01-01,2016,1,1º trimestre,29,15.7,32.1
2017-01-01,2017,1,1º trimestre,50,9.9,18.0
2015-07-01,2015,3,3º trimestre,50,6.3,15.4
2024-10-01,2024,4,4º trimestre,25,8.5,23.3
2026-01-01,2026,1,1º trimestre,29,9.2,26.3
2015-07-01,2015,3,3º trimestre,14,9.4,19.5
2025-07-01,2025,3,3º trimestre,26,10.0,24.3
2016-07-01,2016,3,3º trimestre,28,14.5,32.1
2017-10-01,2017,4,4º trimestre,33,15.2,19.6
2020-04-01,2020,2,2º trimestre,31,13.2,28.5
2023-10-01,2023,4,4º trimestre,42,3.2,6.1
2012-07-01,2012,3,3º trimestre,15,7.2,23.3
2021-01-01,2021,1,1º trimestre,17,17.1,31.5
2025-04-01,2025,2,2º trimestre,43,4.3,9.5
2019-04-01,2019,2,2º trimestre,11,6.8,15.9
2013-10-01,2013,4,4º trimestre,26,7.4,18.9
2013-01-01,2013,1,1º trimestre,13,10.4,18.3
2019-07-01,2019,3,3º trimestre,29,17.0,39.4
2018-10-01,2018,4,4º trimestre,14,14.2,29.3
2023-10-01,2023,4,4º trimestre,35,6.9,13.8
2014-04-01,2014,2,2º trimestre,13,8.4,15.9
2013-10-01,2013,4,4º trimestre,14,6.7,19.9
2016-01-01,2016,1,1º trimestre,27,12.9,29.0
2026-01-01,2026,1,1º trimestre,41,3.5,9.0
2022-10-01,2022,4,4º trimestre,16,13.4,21.1
2017-10-01,2017,4,4º trimestre,31,10.7,22.3
2015-04-01,2015,2,2º trimestre,21,9.0,23.2
2016-01-01,2016,1,1º trimestre,42,6.1,8.6
2012-07-01,2012,3,3º trimestre,35,7.0,12.8
2021-01-01,2021,1,1º trimestre,15,13.8,35.3
2021-04-01,2021,2,2º trimestre,17,15.9,31.7
2014-07-01,2014,3,3º trimestre,33,6.2,8.5
2023-07-01,2023,3,3º trimestre,42,3.6,6.2
2017-07-01,2017,3,3º trimestre,28,13.9,32.9
2017-10-01,2017,4,4º trimestre,32,11.8,19.5
2021-04-01,2021,2,2º trimestre,32,11.6,23.3
2016-04-01,2016,2,2º trimestre,52,10.3,17.3
2013-01-01,2013,1,1º trimestre,14,8.9,20.7
2017-07-01,2017,3,3º trimestre,13,16.3,28.1
2017-07-01,2017,3,3º trimestre,21,14.6,37.2
2025-07-01,2025,3,3º trimestre,27,7.7,25.0
2016-10-01,2016,4,4º trimestre,51,9.6,14.2
2023-04-01,2023,2,2º trimestre,33,11.3,18.1
2013-04-01,2013,2,2º trimestre,42,3.5,6.7
2016-07-01,2016,3,3º trimestre,16,15.1,26.0
2016-04-01,2016,2,2º trimestre,23,11.6,29.1
2017-10-01,2017,4,4º trimestre,24,12.4,35.2
2020-04-01,2020,2,2º trimestre,25,13.2,41.9
2013-01-01,2013,1,1º trimestre,50,4.8,12.9
2019-01-01,2019,1,1º trimestre,23,11.6,32.2
2021-07-01,2021,3,3º trimestre,21,15.3,43.1
2019-07-01,2019,3,3º trimestre,28,14.8,36.5
2020-07-01,2020,3,3º trimestre,28,20.8,46.9
2017-07-01,2017,3,3º trimestre,22,12.2,38.8
2024-10-01,2024,4,4º trimestre,33,8.2,15.2
2019-01-01,2019,1,1º trimestre,53,14.2,23.3
2014-10-01,2014,4,4º trimestre,43,4.6,10.4
2015-01-01,2015,1,1º trimestre,53,10.8,17.4
2022-04-01,2022,2,2º trimestre,29,15.4,35.0
2020-10-01,2020,4,4º trimestre,23,14.4,38.3
2018-07-01,2018,3,3º trimestre,11,8.8,15.9
2021-10-01,2021,4,4º trimestre,17,9.6,26.1
2020-10-01,2020,4,4º trimestre,33,19.6,28.5
2012-01-01,2012,1,1º trimestre,15,8.0,29.8
2019-01-01,2019,1,1º trimestre,13,16.1,29.4
2018-01-01,2018,1,1º trimestre,25,11.9,32.6
2023-10-01,2023,4,4º trimestre,16,14.1,23.4
2016-10-01,2016,4,4º trimestre,15,12.9,28.4
2016-07-01,2016,3,3º trimestre,43,8.3,14.5
2013-04-01,2013,2,2º trimestre,35,7.5,12.6
2024-04-01,2024,2,2º trimestre,11,3.2,7.1
2022-07-01,2022,3,3º trimestre,52,6.2,14.0
2022-07-01,2022,3,3º trimestre,11,3.9,9.1
2013-10-01,2013,4,4º trimestre,32,5.9,10.2
2025-10-01,2025,4,4º trimestre,31,3.8,10.9
2020-07-01,2020,3,3º trimestre,43,10.5,21.3
2019-04-01,2019,2,2º trimestre,31,9.6,22.9
2013-01-01,2013,1,1º trimestre,15,7.8,23.9
2014-07-01,2014,3,3º trimestre,14,6.4,17.0
2018-01-01,2018,1,1º trimestre,16,21.6,31.8
2013-10-01,2013,4,4º trimestre,29,9.1,27.1
2020-10-01,2020,4,4º trimestre,14,14.5,32.6
2014-01-01,2014,1,1º trimestre,52,5.7,10.2
2018-01-01,2018,1,1º trimestre,17,11.1,22.9
2012-04-01,2012,2,2º trimestre,26,8.3,22.3
2024-04-01,2024,2,2º trimestre,15,7.4,23.8
2016-07-01,2016,3,3º trimestre,23,13.3,30.2
2017-10-01,2017,4,4º trimestre,42,6.4,10.8
2026-01-01,2026,1,1º trimestre,16,10.0,15.0
2018-07-01,2018,3,3º trimestre,13,13.2,26.0
2021-01-01,2021,1,1º trimestre,35,14.7,25.7
2019-10-01,2019,4,4º trimestre,27,13.7,36.0
2022-10-01,2022,4,4º trimestre,53,10.3,20.6
2016-10-01,2016,4,4º trimestre,28,15.2,31.8
2025-07-01,2025,3,3º trimestre,42,2.3,4.4
2013-01-01,2013,1,1º trimestre,53,9.7,15.2
2013-04-01,2013,2,2º trimestre,50,5.0,12.8
2014-04-01,2014,2,2º trimestre,25,8.9,28.5
2022-07-01,2022,3,3º trimestre,28,12.2,36.4
2015-10-01,2015,4,4º trimestre,52,7.8,13.0
2012-01-01,2012,1,1º trimestre,25,10.0,33.4
2025-07-01,2025,3,3º trimestre,16,8.7,14.8
2019-07-01,2019,3,3º trimestre,53,13.2,22.2
2024-04-01,2024,2,2º trimestre,33,9.7,16.3
2012-04-01,2012,2,2º trimestre,22,7.1,32.9
2018-04-01,2018,2,2º trimestre,41,9.1,16.9
2016-01-01,2016,1,1º trimestre,16,14.8,18.6
2015-07-01,2015,3,3º trimestre,24,12.8,28.9
2012-01-01,2012,1,1º trimestre,17,8.4,22.4
2024-10-01,2024,4,4º trimestre,35,5.9,11.8
2012-07-01,2012,3,3º trimestre,29,10.8,30.6
2013-04-01,2013,2,2º trimestre,32,7.7,13.1
2019-04-01,2019,2,2º trimestre,52,10.7,19.2
2015-10-01,2015,4,4º trimestre,42,4.3,7.1
2025-01-01,2025,1,1º trimestre,41,4.0,9.4
2020-07-01,2020,3,3º trimestre,22,13.3,46.2
2020-04-01,2020,2,2º trimestre,42,7.2,14.0
2013-04-01,2013,2,2º trimestre,14,8.7,24.9
2015-07-01,2015,3,3º trimestre,12,8.9,18.4
2015-04-01,2015,2,2º trimestre,43,6.0,13.2
2023-07-01,2023,3,3º trimestre,33,10.9,17.5
2016-04-01,2016,2,2º trimestre,24,13.6,29.1
2022-10-01,2022,4,4º trimestre,12,9.8,20.2
2016-01-01,2016,1,1º trimestre,26,13.4,22.6
2013-10-01,2013,4,4º trimestre,53,8.5,14.5
2018-01-01,2018,1,1º trimestre,23,12.9,30.8
2019-10-01,2019,4,4º trimestre,13,13.1,26.1
2021-07-01,2021,3,3º trimestre,27,17.2,40.8
2016-04-01,2016,2,2º trimestre,27,14.1,29.4
2020-01-01,2020,1,1º trimestre,21,16.5,42.2
2017-07-01,2017,3,3º trimestre,42,6.8,10.9
2012-04-01,2012,2,2º trimestre,29,11.4,31.7
2017-01-01,2017,1,1º trimestre,27,17.7,35.2
2024-01-01,2024,1,1º trimestre,11,3.7,8.0
2013-01-01,2013,1,1º trimestre,35,7.8,13.4
2014-10-01,2014,4,4º trimestre,28,9.1,27.2
2021-04-01,2021,2,2º trimestre,29,20.2,43.5
2017-01-01,2017,1,1º trimestre,43,9.2,16.0
2018-01-01,2018,1,1º trimestre,11,10.5,18.0
2024-07-01,2024,3,3º trimestre,14,6.2,16.0
2013-01-01,2013,1,1º trimestre,29,13.4,32.6
2013-07-01,2013,3,3º trimestre,52,5.2,9.4
2017-10-01,2017,4,4º trimestre,35,12.8,20.5
2019-04-01,2019,2,2º trimestre,53,13.8,23.5
2024-01-01,2024,1,1º trimestre,12,8.9,18.1
2012-01-01,2012,1,1º trimestre,52,6.3,16.0
2017-01-01,2017,1,1º trimestre,16,18.8,31.0
2015-10-01,2015,4,4º trimestre,11,6.5,11.9
2018-10-01,2018,4,4º trimestre,32,10.4,18.0
2018-07-01,2018,3,3º trimestre,17,9.9,22.8
2015-04-01,2015,2,2º trimestre,35,9.2,13.9
2012-04-01,2012,2,2º trimestre,33,7.5,13.9
2015-10-01,2015,4,4º trimestre,33,8.7,11.2
2012-01-01,2012,1,1º trimestre,53,8.8,15.4
2014-01-01,2014,1,1º trimestre,28,9.6,28.1
2013-10-01,2013,4,4º trimestre,25,8.5,31.1
2013-07-01,2013,3,3º trimestre,24,10.2,26.9
2014-07-01,2014,3,3º trimestre,35,7.3,11.8
2012-10-01,2012,4,4º trimestre,43,4.4,12.1
2026-01-01,2026,1,1º trimestre,27,9.2,26.1
2013-07-01,2013,3,3º trimestre,12,8.9,22.7
2024-10-01,2024,4,4º trimestre,22,7.5,31.7
2015-07-01,2015,3,3º trimestre,29,12.9,30.1
2025-04-01,2025,2,2º trimestre,27,7.5,23.8
2023-07-01,2023,3,3º trimestre,26,13.3,26.3
2013-07-01,2013,3,3º trimestre,26,8.5,19.2
2020-07-01,2020,3,3º trimestre,29,21.0,46.4
2023-01-01,2023,1,1º trimestre,29,14.4,33.2
2018-10-01,2018,4,4º trimestre,43,7.5,14.3
2024-04-01,2024,2,2º trimestre,17,4.3,16.4
2018-01-01,2018,1,1º trimestre,24,15.1,36.3
2014-01-01,2014,1,1º trimestre,15,7.7,21.3
2014-10-01,2014,4,4º trimestre,17,6.4,21.7
2018-07-01,2018,3,3º trimestre,15,11.0,30.9
2013-04-01,2013,2,2º trimestre,41,4.6,11.1
2021-01-01,2021,1,1º trimestre,51,10.2,16.6
2019-01-01,2019,1,1º trimestre,14,15.3,29.4
2023-04-01,2023,2,2º trimestre,27,9.7,29.3
2024-10-01,2024,4,4º trimestre,21,6.9,23.5
2022-01-01,2022,1,1º trimestre,29,17.5,37.8
2021-01-01,2021,1,1º trimestre,33,19.7,29.0
2026-01-01,2026,1,1º trimestre,32,3.2,7.0
2022-01-01,2022,1,1º trimestre,14,8.8,19.5
2017-04-01,2017,2,2º trimestre,14,10.9,22.3
2018-10-01,2018,4,4º trimestre,50,7.0,15.6
2014-10-01,2014,4,4º trimestre,12,6.3,15.7
2020-01-01,2020,1,1º trimestre,32,11.3,19.0
2020-07-01,2020,3,3º trimestre,50,11.9,22.5
2012-01-01,2012,1,1º trimestre,12,9.2,28.3
2022-10-01,2022,4,4º trimestre,51,3.6,8.9
2023-01-01,2023,1,1º trimestre,27,10.6,30.1
2020-04-01,2020,2,2º trimestre,12,14.4,32.9
2013-07-01,2013,3,3º trimestre,35,7.4,12.2
2024-10-01,2024,4,4º trimestre,16,8.7,14.3
2014-07-01,2014,3,3º trimestre,16,10.7,16.8
2022-04-01,2022,2,2º trimestre,23,10.4,28.9
2021-04-01,2021,2,2º trimestre,26,21.8,37.9
2016-01-01,2016,1,1º trimestre,51,9.3,13.2
2017-07-01,2017,3,3º trimestre,35,13.3,20.5
2026-01-01,2026,1,1º trimestre,28,8.6,24.8
2023-10-01,2023,4,4º trimestre,32,5.3,11.5
2024-07-01,2024,3,3º trimestre,13,8.2,15.7
2020-01-01,2020,1,1º trimestre,33,14.7,21.1
2017-07-01,2017,3,3º trimestre,29,16.8,40.3
2012-01-01,2012,1,1º trimestre,28,10.5,32.0
2018-10-01,2018,4,4º trimestre,26,15.6,31.8
2023-01-01,2023,1,1º trimestre,25,11.1,28.3
2014-10-01,2014,4,4º trimestre,32,6.2,9.1
2021-04-01,2021,2,2º trimestre,51,9.1,15.0
2020-01-01,2020,1,1º trimestre,12,13.7,32.8
2021-07-01,2021,3,3º trimestre,42,5.3,10.0
2020-04-01,2020,2,2º trimestre,22,13.3,48.6
2012-07-01,2012,3,3º trimestre,41,4.7,11.8
2016-01-01,2016,1,1º trimestre,23,10.9,25.5
2019-04-01,2019,2,2º trimestre,41,9.1,18.0
2012-04-01,2012,2,2º trimestre,42,3.8,8.8
2016-01-01,2016,1,1º trimestre,24,14.5,27.5
2016-10-01,2016,4,4º trimestre,27,15.0,34.5
2013-04-01,2013,2,2º trimestre,52,5.8,11.4
2025-07-01,2025,3,3º trimestre,31,4.1,10.9
2022-07-01,2022,3,3º trimestre,24,10.5,29.4
2025-10-01,2025,4,4º trimestre,42,2.2,4.4
2023-07-01,2023,3,3º trimestre,32,5.6,11.2
2016-10-01,2016,4,4º trimestre,26,15.9,28.8
2014-04-01,2014,2,2º trimestre,15,7.1,19.9
2023-01-01,2023,1,1º trimestre,15,9.8,25.7
2021-10-01,2021,4,4º trimestre,14,9.2,22.4
2016-04-01,2016,2,2º trimestre,35,12.3,18.0
2015-04-01,2015,2,2º trimestre,53,9.8,14.5
2014-10-01,2014,4,4º trimestre,52,5.1,9.7
2018-04-01,2018,2,2º trimestre,32,12.2,19.9
2017-01-01,2017,1,1º trimestre,15,13.9,30.8
2016-07-01,2016,3,3º trimestre,27,14.9,31.8
2025-07-01,2025,3,3º trimestre,29,8.5,26.2
2018-04-01,2018,2,2º trimestre,11,8.3,15.6
2012-10-01,2012,4,4º trimestre,25,9.1,30.8
2022-04-01,2022,2,2º trimestre,15,9.1,27.3
2025-04-01,2025,2,2º trimestre,24,7.5,19.2
2019-07-01,2019,3,3º trimestre,51,8.0,14.7
2012-07-01,2012,3,3º trimestre,26,9.4,21.9
2024-01-01,2024,1,1º trimestre,43,5.8,13.2
2019-07-01,2019,3,3º trimestre,41,9.1,17.5
2015-10-01,2015,4,4º trimestre,32,9.2,12.8
2022-01-01,2022,1,1º trimestre,50,6.5,14.3
2020-04-01,2020,2,2º trimestre,28,20.4,45.6
2018-10-01,2018,4,4º trimestre,25,11.2,33.8
2012-07-01,2012,3,3º trimestre,28,10.6,28.1
2025-07-01,2025,3,3º trimestre,41,3.5,8.8
2022-07-01,2022,3,3º trimestre,21,9.6,32.2
2014-07-01,2014,3,3º trimestre,31,6.9,14.8
2015-01-01,2015,1,1º trimestre,12,8.8,20.3
2024-10-01,2024,4,4º trimestre,53,9.1,18.2
2013-10-01,2013,4,4º trimestre,35,6.6,10.8
2019-04-01,2019,2,2º trimestre,13,14.0,28.6
2024-04-01,2024,2,2º trimestre,25,8.7,24.0
2022-01-01,2022,1,1º trimestre,31,9.3,21.1
2018-10-01,2018,4,4º trimestre,42,6.4,10.6
2017-04-01,2017,2,2º trimestre,21,14.8,37.8
2018-04-01,2018,2,2º trimestre,43,8.4,15.3
2016-07-01,2016,3,3º trimestre,41,8.6,14.2
2018-01-01,2018,1,1º trimestre,52,10.4,18.2
2024-07-01,2024,3,3º trimestre,42,2.8,5.1
2017-07-01,2017,3,3º trimestre,24,13.9,36.3
2019-01-01,2019,1,1º trimestre,17,12.5,23.2
2015-07-01,2015,3,3º trimestre,35,9.8,14.9
2025-04-01,2025,2,2º trimestre,53,8.7,16.2
2012-04-01,2012,2,2º trimestre,17,7.7,20.4
2025-01-01,2025,1,1º trimestre,28,9.3,26.9
2013-01-01,2013,1,1º trimestre,52,6.8,13.5
2018-07-01,2018,3,3º trimestre,32,11.4,19.1
2019-10-01,2019,4,4º trimestre,15,9.2,26.6
2019-01-01,2019,1,1º trimestre,25,11.2,34.6
2014-04-01,2014,2,2º trimestre,33,6.5,8.7
2022-01-01,2022,1,1º trimestre,43,7.4,16.0
2024-07-01,2024,3,3º trimestre,41,4.0,9.5
2016-04-01,2016,2,2º trimestre,33,11.5,14.7
2015-10-01,2015,4,4º trimestre,13,9.3,15.5
2022-10-01,2022,4,4º trimestre,33,11.4,18.6
2014-07-01,2014,3,3º trimestre,26,8.5,17.1
2021-01-01,2021,1,1º trimestre,42,6.4,12.0
2017-04-01,2017,2,2º trimestre,27,18.0,34.5
2022-10-01,2022,4,4º trimestre,50,3.3,8.6
2025-01-01,2025,1,1º trimestre,33,9.3,15.4
2014-07-01,2014,3,3º trimestre,32,5.9,9.3
2019-04-01,2019,2,2º trimestre,33,15.2,20.7
2014-07-01,2014,3,3º trimestre,43,5.3,11.2
2019-07-01,2019,3,3º trimestre,13,13.5,27.4
2020-04-01,2020,2,2º trimestre,14,16.9,36.8
2018-01-01,2018,1,1º trimestre,31,12.7,24.4
2015-10-01,2015,4,4º trimestre,21,8.4,23.4
2015-07-01,2015,3,3º trimestre,32,8.3,12.5
2023-07-01,2023,3,3º trimestre,13,9.6,19.3
2025-01-01,2025,1,1º trimestre,21,8.1,25.8
2025-07-01,2025,3,3º trimestre,13,7.6,14.7
2016-07-01,2016,3,3º trimestre,26,15.5,27.1
2013-04-01,2013,2,2º trimestre,51,4.5,10.4
2013-04-01,2013,2,2º trimestre,15,7.7,23.1
2020-10-01,2020,4,4º trimestre,11,11.1,22.6
2025-10-01,2025,4,4º trimestre,52,3.9,8.0
2018-01-01,2018,1,1º trimestre,22,13.3,39.9
2026-01-01,2026,1,1º trimestre,35,6.0,11.5
2012-04-01,2012,2,2º trimestre,12,9.0,22.6
2020-10-01,2020,4,4º trimestre,51,10.7,17.7
2020-10-01,2020,4,4º trimestre,15,10.9,31.1
2024-04-01,2024,2,2º trimestre,53,9.7,17.4
2025-04-01,2025,2,2º trimestre,32,3.1,7.1
2015-07-01,2015,3,3º trimestre,28,8.8,27.6
2021-01-01,2021,1,1º trimestre,27,20.3,47.0
2021-07-01,2021,3,3º trimestre,17,10.8,26.3
2014-04-01,2014,2,2º trimestre,28,9.8,27.4
2022-04-01,2022,2,2º trimestre,35,9.2,18.0
2019-01-01,2019,1,1º trimestre,12,18.2,35.5
2019-07-01,2019,3,3º trimestre,17,10.6,25.0
2019-10-01,2019,4,4º trimestre,32,10.5,18.6
2012-01-01,2012,1,1º trimestre,43,5.3,14.9
2017-10-01,2017,4,4º trimestre,52,9.5,17.4
2016-04-01,2016,2,2º trimestre,32,11.6,17.2
2018-10-01,2018,4,4º trimestre,31,9.7,23.0
2017-04-01,2017,2,2º trimestre,51,8.7,13.6
2015-10-01,2015,4,4º trimestre,29,12.4,29.2
2020-01-01,2020,1,1º trimestre,42,5.8,10.0
2023-01-01,2023,1,1º trimestre,21,10.0,30.3
2020-07-01,2020,3,3º trimestre,21,17.5,47.8
2013-07-01,2013,3,3º trimestre,41,4.2,9.6
2021-07-01,2021,3,3º trimestre,24,14.9,37.0
2013-10-01,2013,4,4º trimestre,15,6.1,20.4
2024-01-01,2024,1,1º trimestre,21,8.5,27.9
2014-04-01,2014,2,2º trimestre,16,9.9,18.2
2019-01-01,2019,1,1º trimestre,22,12.9,42.0
2022-01-01,2022,1,1º trimestre,22,12.4,44.0
2013-01-01,2013,1,1º trimestre,33,7.3,11.7
2014-10-01,2014,4,4º trimestre,25,8.2,25.8
2022-10-01,2022,4,4º trimestre,52,6.7,13.2
2023-04-01,2023,2,2º trimestre,11,2.3,6.3
2013-04-01,2013,2,2º trimestre,21,9.4,23.7
2020-04-01,2020,2,2º trimestre,17,12.8,29.8
2025-01-01,2025,1,1º trimestre,22,10.2,34.0
2017-10-01,2017,4,4º trimestre,43,8.1,15.5
2025-04-01,2025,2,2º trimestre,15,6.9,20.5
2022-04-01,2022,2,2º trimestre,26,13.6,29.3
2016-07-01,2016,3,3º trimestre,51,9.1,13.3
2013-10-01,2013,4,4º trimestre,42,2.6,4.7
2014-01-01,2014,1,1º trimestre,53,9.0,13.6
2017-10-01,2017,4,4º trimestre,28,13.7,32.4
2022-07-01,2022,3,3º trimestre,33,12.3,20.1
2019-01-01,2019,1,1º trimestre,50,9.6,18.5
2015-10-01,2015,4,4º trimestre,14,8.2,16.4
2015-10-01,2015,4,4º trimestre,25,9.7,27.2
2025-01-01,2025,1,1º trimestre,35,6.3,12.2
2012-01-01,2012,1,1º trimestre,24,11.6,27.9
2016-10-01,2016,4,4º trimestre,43,8.4,14.7
2022-04-01,2022,2,2º trimestre,32,8.0,16.4
2024-07-01,2024,3,3º trimestre,43,5.1,11.1
2015-01-01,2015,1,1º trimestre,15,9.3,23.3
2020-01-01,2020,1,1º trimestre,35,12.3,20.2
2015-10-01,2015,4,4º trimestre,26,11.1,20.9
2018-01-01,2018,1,1º trimestre,50,8.5,17.6
2018-10-01,2018,4,4º trimestre,13,14.6,27.8
2018-10-01,2018,4,4º trimestre,29,17.7,40.0
2019-01-01,2019,1,1º trimestre,11,9.1,18.0
2017-07-01,2017,3,3º trimestre,11,8.2,15.5
2017-07-01,2017,3,3º trimestre,15,11.1,30.4
2019-10-01,2019,4,4º trimestre,14,15.0,27.7
2026-01-01,2026,1,1º trimestre,12,8.2,20.4
2022-01-01,2022,1,1º trimestre,12,14.7,31.1
2016-07-01,2016,3,3º trimestre,50,7.7,15.4
2012-10-01,2012,4,4º trimestre,22,7.0,29.5
2016-10-01,2016,4,4º trimestre,53,14.0,20.3
2016-01-01,2016,1,1º trimestre,12,8.8,17.2
2024-04-01,2024,2,2º trimestre,26,11.6,26.5
2018-04-01,2018,2,2º trimestre,52,9.6,18.3
2025-01-01,2025,1,1º trimestre,11,3.1,8.5
2020-10-01,2020,4,4º trimestre,28,18.3,43.3
2023-10-01,2023,4,4º trimestre,21,7.2,27.0
2019-04-01,2019,2,2º trimestre,50,8.4,17.1
2022-07-01,2022,3,3º trimestre,41,5.3,12.3
2015-04-01,2015,2,2º trimestre,33,7.3,10.2
2016-04-01,2016,2,2º trimestre,26,14.2,25.0
2015-04-01,2015,2,2º trimestre,27,11.9,25.5
2024-10-01,2024,4,4º trimestre,13,8.3,16.6
2013-10-01,2013,4,4º trimestre,16,9.2,16.8
2024-10-01,2024,4,4º trimestre,26,10.3,25.3
2014-10-01,2014,4,4º trimestre,42,2.7,5.4
2025-04-01,2025,2,2º trimestre,21,6.6,24.3
2020-10-01,2020,4,4º trimestre,26,19.4,36.9
2024-04-01,2024,2,2º trimestre,35,6.4,13.2
2026-01-01,2026,1,1º trimestre,11,3.7,7.7
2020-01-01,2020,1,1º trimestre,13,14.7,28.8
2025-04-01,2025,2,2º trimestre,16,6.9,13.6
2013-04-01,2013,2,2º trimestre,22,7.5,31.7
2013-10-01,2013,4,4º trimestre,31,5.8,14.7
2018-04-01,2018,2,2º trimestre,23,11.8,29.5
2017-07-01,2017,3,3º trimestre,27,16.1,33.9
2016-10-01,2016,4,4º trimestre,35,12.5,18.9
2020-07-01,2020,3,3º trimestre,13,16.9,33.6
2018-04-01,2018,2,2º trimestre,24,13.3,35.7
2013-07-01,2013,3,3º trimestre,42,2.8,5.3
2019-10-01,2019,4,4º trimestre,53,12.6,20.2
2020-01-01,2020,1,1º trimestre,31,11.7,23.6
2024-04-01,2024,2,2º trimestre,42,3.2,5.9
2021-10-01,2021,4,4º trimestre,32,9.9,19.7
2014-01-01,2014,1,1º trimestre,35,7.3,11.7
2019-04-01,2019,2,2º trimestre,21,15.0,41.2
2014-04-01,2014,2,2º trimestre,27,9.9,21.5
2013-04-01,2013,2,2º trimestre,16,14.4,25.3
2021-07-01,2021,3,3º trimestre,29,18.8,41.3
2024-01-01,2024,1,1º trimestre,23,8.7,23.7
2015-04-01,2015,2,2º trimestre,50,6.3,15.3
2018-10-01,2018,4,4º trimestre,11,9.1,16.5
2025-07-01,2025,3,3º trimestre,28,7.7,26.5
2016-04-01,2016,2,2º trimestre,22,10.1,32.8
2024-10-01,2024,4,4º trimestre,12,7.3,16.9
2022-10-01,2022,4,4º trimestre,28,12.0,34.2
2016-01-01,2016,1,1º trimestre,52,10.2,14.5
2020-07-01,2020,3,3º trimestre,31,13.6,28.5
2023-04-01,2023,2,2º trimestre,21,8.9,28.1
2016-10-01,2016,4,4º trimestre,52,11.4,17.3
2020-04-01,2020,2,2º trimestre,26,15.4,36.6
2014-07-01,2014,3,3º trimestre,13,6.8,13.4
2020-04-01,2020,2,2º trimestre,51,10.3,19.8
2014-04-01,2014,2,2º trimestre,35,7.1,11.3
2025-10-01,2025,4,4º trimestre,35,4.7,10.8
2013-07-01,2013,3,3º trimestre,43,4.9,12.5
2019-07-01,2019,3,3º trimestre,11,8.3,17.6
2025-10-01,2025,4,4º trimestre,32,2.4,5.9
2023-07-01,2023,3,3º trimestre,15,8.0,24.6
2013-07-01,2013,3,3º trimestre,29,10.7,28.8
2025-07-01,2025,3,3º trimestre,24,7.5,18.8
2015-01-01,2015,1,1º trimestre,26,8.2,17.5
2017-07-01,2017,3,3º trimestre,26,18.1,31.9
2020-01-01,2020,1,1º trimestre,14,16.7,30.9
2024-04-01,2024,2,2º trimestre,13,8.0,15.6
2020-10-01,2020,4,4º trimestre,25,15.7,39.7
2021-01-01,2021,1,1º trimestre,52,14.0,22.5
2021-10-01,2021,4,4º trimestre,15,10.9,28.8
2024-01-01,2024,1,1º trimestre,35,7.4,14.4
2018-07-01,2018,3,3º trimestre,26,17.0,33.2
2017-01-01,2017,1,1º trimestre,51,10.6,15.5
2012-10-01,2012,4,4º trimestre,50,5.0,14.3
2023-04-01,2023,2,2º trimestre,52,6.2,11.3
2015-04-01,2015,2,2º trimestre,12,8.9,17.6
2022-01-01,2022,1,1º trimestre,32,9.3,18.3
2022-10-01,2022,4,4º trimestre,41,5.2,11.5
2024-01-01,2024,1,1º trimestre,15,8.5,26.1
2013-04-01,2013,2,2º trimestre,27,10.8,23.2
2019-10-01,2019,4,4º trimestre,51,6.5,12.9
2013-01-01,2013,1,1º trimestre,17,9.3,23.3
2020-10-01,2020,4,4º trimestre,27,20.7,46.6
2025-01-01,2025,1,1º trimestre,31,5.7,13.0
2021-07-01,2021,3,3º trimestre,11,7.7,16.9
2023-07-01,2023,3,3º trimestre,41,4.6,10.1
2015-01-01,2015,1,1º trimestre,11,4.5,10.5
2025-07-01,2025,3,3º trimestre,12,7.4,18.4
2024-10-01,2024,4,4º trimestre,23,6.5,21.4
2017-01-01,2017,1,1º trimestre,28,16.3,34.9
2013-07-01,2013,3,3º trimestre,32,7.2,11.5
2018-07-01,2018,3,3º trimestre,35,13.3,21.0
2021-10-01,2021,4,4º trimestre,24,12.8,32.3
2023-04-01,2023,2,2º trimestre,29,13.3,31.2
2016-04-01,2016,2,2º trimestre,29,15.6,33.4
2018-10-01,2018,4,4º trimestre,21,14.4,38.6
2018-10-01,2018,4,4º trimestre,12,13.3,30.0
2012-07-01,2012,3,3º trimestre,13,9.5,18.5
2013-04-01,2013,2,2º trimestre,26,9.7,20.5
2012-04-01,2012,2,2º trimestre,50,7.1,18.3
2024-04-01,2024,2,2º trimestre,31,5.3,12.7
2012-10-01,2012,4,4º trimestre,14,8.4,21.2
2016-04-01,2016,2,2º trimestre,11,7.9,16.3
2016-01-01,2016,1,1º trimestre,13,13.0,21.1
2013-01-01,2013,1,1º trimestre,28,11.6,30.9
2024-01-01,2024,1,1º trimestre,52,6.1,12.6
2015-07-01,2015,3,3º trimestre,43,7.0,14.8
2022-07-01,2022,3,3º trimestre,23,8.6,27.7
2016-07-01,2016,3,3º trimestre,21,12.1,32.2
2021-04-01,2021,2,2º trimestre,27,19.2,43.8
2013-04-01,2013,2,2º trimestre,31,7.0,16.0
2012-01-01,2012,1,1º trimestre,41,5.6,15.6
2018-07-01,2018,3,3º trimestre,24,13.0,35.5
2022-07-01,2022,3,3º trimestre,43,6.0,13.3
2012-04-01,2012,2,2º trimestre,51,5.8,13.7
2022-07-01,2022,3,3º trimestre,29,15.0,33.9
2012-04-01,2012,2,2º trimestre,35,7.5,14.6
2023-04-01,2023,2,2º trimestre,25,10.4,25.9
2022-04-01,2022,2,2º trimestre,33,12.6,20.1
2025-01-01,2025,1,1º trimestre,15,8.7,22.8
2025-01-01,2025,1,1º trimestre,26,11.6,26.3
2015-10-01,2015,4,4º trimestre,31,9.4,18.6
2025-10-01,2025,4,4º trimestre,26,8.8,21.9
2013-10-01,2013,4,4º trimestre,43,4.7,11.2
2013-10-01,2013,4,4º trimestre,52,3.9,8.3
2023-04-01,2023,2,2º trimestre,23,8.6,24.8
2016-04-01,2016,2,2º trimestre,51,10.0,13.9
2022-01-01,2022,1,1º trimestre,21,13.2,37.0
2017-07-01,2017,3,3º trimestre,12,13.7,27.8
2017-07-01,2017,3,3º trimestre,41,8.5,16.4
2020-01-01,2020,1,1º trimestre,24,15.7,36.8
2026-01-01,2026,1,1º trimestre,22,8.9,30.4
2015-01-01,2015,1,1º trimestre,25,9.3,26.4
2022-04-01,2022,2,2º trimestre,13,10.5,23.9
2014-07-01,2014,3,3º trimestre,29,9.8,26.6
2020-04-01,2020,2,2º trimestre,16,11.3,29.6
2019-01-01,2019,1,1º trimestre,43,8.1,15.6
2022-04-01,2022,2,2º trimestre,53,11.6,22.1
2014-10-01,2014,4,4º trimestre,31,6.3,15.4
2020-04-01,2020,2,2º trimestre,15,9.3,29.4
2014-04-01,2014,2,2º trimestre,24,11.7,27.2
2013-01-01,2013,1,1º trimestre,24,12.2,29.9
2023-10-01,2023,4,4º trimestre,11,3.7,7.0
2013-10-01,2013,4,4º trimestre,24,9.8,27.3
2024-07-01,2024,3,3º trimestre,33,8.6,15.5
2023-01-01,2023,1,1º trimestre,28,12.0,33.6
2022-07-01,2022,3,3º trimestre,50,5.1,11.6
2015-04-01,2015,2,2º trimestre,13,9.7,16.8
2019-01-01,2019,1,1º trimestre,32,12.4,20.7
2018-07-01,2018,3,3º trimestre,53,12.7,21.6
2015-01-01,2015,1,1º trimestre,17,8.8,21.7
2019-10-01,2019,4,4º trimestre,16,15.8,30.3
2013-10-01,2013,4,4º trimestre,17,6.5,20.6
2020-01-01,2020,1,1º trimestre,41,8.0,16.2
2025-07-01,2025,3,3º trimestre,52,4.5,9.0
2018-04-01,2018,2,2º trimestre,51,8.6,16.1
2021-10-01,2021,4,4º trimestre,51,5.9,12.4
2016-10-01,2016,4,4º trimestre,22,8.9,34.9
2016-04-01,2016,2,2º trimestre,31,11.0,21.2
2026-01-01,2026,1,1º trimestre,24,7.6,17.8
2022-10-01,2022,4,4º trimestre,27,9.4,29.1
2021-04-01,2021,2,2º trimestre,52,12.5,21.2
2022-04-01,2022,2,2º trimestre,31,7.3,17.9
2015-04-01,2015,2,2º trimestre,28,9.2,26.8
2022-07-01,2022,3,3º trimestre,35,8.7,16.9
2025-10-01,2025,4,4º trimestre,16,8.4,14.1
2015-07-01,2015,3,3º trimestre,21,8.6,23.5
2021-07-01,2021,3,3º trimestre,31,10.7,23.8
2013-07-01,2013,3,3º trimestre,11,4.6,11.3
2024-10-01,2024,4,4º trimestre,52,4.9,10.8
2019-04-01,2019,2,2º trimestre,25,12.2,34.7
2022-04-01,2022,2,2º trimestre,28,12.9,37.8
2023-10-01,2023,4,4º trimestre,25,9.6,26.9
2019-10-01,2019,4,4º trimestre,35,11.6,19.1
2015-01-01,2015,1,1º trimestre,42,3.9,6.6
2016-04-01,2016,2,2º trimestre,15,10.9,26.5
2012-04-01,2012,2,2º trimestre,41,5.3,14.9
2021-04-01,2021,2,2º trimestre,42,5.9,10.6
2017-10-01,2017,4,4º trimestre,27,15.8,36.6
2014-07-01,2014,3,3º trimestre,17,7.7,19.6
2012-10-01,2012,4,4º trimestre,32,6.7,12.5
2012-01-01,2012,1,1º trimestre,23,7.3,27.5
2026-01-01,2026,1,1º trimestre,21,6.9,25.0
2016-04-01,2016,2,2º trimestre,13,13.5,25.5
2017-04-01,2017,2,2º trimestre,25,11.5,32.8
2016-10-01,2016,4,4º trimestre,32,13.8,19.8
2024-10-01,2024,4,4º trimestre,15,7.2,20.6
2013-07-01,2013,3,3º trimestre,22,7.5,31.0
2019-07-01,2019,3,3º trimestre,27,15.6,35.1
2015-07-01,2015,3,3º trimestre,11,6.7,13.5
2015-07-01,2015,3,3º trimestre,52,7.4,12.6
2016-01-01,2016,1,1º trimestre,31,11.3,20.0
2018-07-01,2018,3,3º trimestre,14,13.6,27.8
2019-04-01,2019,2,2º trimestre,26,16.1,31.7
2012-10-01,2012,4,4º trimestre,51,4.7,11.3
2020-04-01,2020,2,2º trimestre,32,12.6,23.0
2025-10-01,2025,4,4º trimestre,50,2.4,7.0
2018-04-01,2018,2,2º trimestre,16,21.6,36.9
2012-07-01,2012,3,3º trimestre,32,6.9,12.5
2012-04-01,2012,2,2º trimestre,16,14.7,23.4
2022-01-01,2022,1,1º trimestre,53,12.6,22.3
2020-04-01,2020,2,2º trimestre,11,11.0,21.0
2014-04-01,2014,2,2º trimestre,22,7.1,33.8
2023-10-01,2023,4,4º trimestre,43,5.2,11.5
2013-07-01,2013,3,3º trimestre,13,8.4,15.3
2021-10-01,2021,4,4º trimestre,52,8.8,17.5
2019-07-01,2019,3,3º trimestre,23,11.4,30.5
2023-07-01,2023,3,3º trimestre,16,12.4,21.6
2020-04-01,2020,2,2º trimestre,29,20.4,45.5
2017-01-01,2017,1,1º trimestre,29,18.7,38.8
2022-04-01,2022,2,2º trimestre,12,11.8,28.8
2012-10-01,2012,4,4º trimestre,35,6.8,11.6
2023-10-01,2023,4,4º trimestre,51,3.9,9.9
2014-10-01,2014,4,4º trimestre,41,3.7,8.7
2024-04-01,2024,2,2º trimestre,14,7.1,17.7
2016-10-01,2016,4,4º trimestre,16,17.0,28.0
2017-10-01,2017,4,4º trimestre,15,10.7,30.7
2019-01-01,2019,1,1º trimestre,29,18.5,40.8
2016-10-01,2016,4,4º trimestre,21,13.2,34.4
2024-01-01,2024,1,1º trimestre,50,5.0,11.3
2017-01-01,2017,1,1º trimestre,21,15.2,36.5
2013-07-01,2013,3,3º trimestre,27,10.6,23.4
2025-01-01,2025,1,1º trimestre,24,9.9,20.6
2025-07-01,2025,3,3º trimestre,15,6.5,19.6
2018-10-01,2018,4,4º trimestre,15,10.3,29.3
2014-01-01,2014,1,1º trimestre,50,4.7,12.6
2017-04-01,2017,2,2º trimestre,23,13.3,31.6
2012-07-01,2012,3,3º trimestre,33,7.5,12.7
2023-01-01,2023,1,1º trimestre,31,6.8,15.0
2019-10-01,2019,4,4º trimestre,42,5.5,10.3
2012-01-01,2012,1,1º trimestre,14,8.5,22.3
2021-04-01,2021,2,2º trimestre,50,9.9,21.3
2025-10-01,2025,4,4º trimestre,41,3.2,8.6
2019-04-01,2019,2,2º trimestre,51,8.4,15.8
2021-01-01,2021,1,1º trimestre,12,17.9,39.1
2022-07-01,2022,3,3º trimestre,17,5.6,16.9
2016-01-01,2016,1,1º trimestre,50,7.8,15.4
2022-10-01,2022,4,4º trimestre,25,10.3,28.0
2020-07-01,2020,3,3º trimestre,32,14.2,25.0
2016-04-01,2016,2,2º trimestre,41,8.2,14.4
2016-01-01,2016,1,1º trimestre,25,10.3,28.4
2021-01-01,2021,1,1º trimestre,11,11.3,22.6
2013-01-01,2013,1,1º trimestre,31,7.5,17.6
2023-04-01,2023,2,2º trimestre,35,7.8,14.9
2012-10-01,2012,4,4º trimestre,15,6.9,24.4
2019-01-01,2019,1,1º trimestre,16,20.3,36.6
2023-01-01,2023,1,1º trimestre,22,11.1,39.7
2013-01-01,2013,1,1º trimestre,27,12.2,25.3
2017-01-01,2017,1,1º trimestre,26,17.3,31.8
2014-10-01,2014,4,4º trimestre,22,6.0,31.2
2015-01-01,2015,1,1º trimestre,32,7.1,10.5
2020-01-01,2020,1,1º trimestre,28,15.9,36.3
2017-01-01,2017,1,1º trimestre,14,10.4,23.0
2024-10-01,2024,4,4º trimestre,42,2.7,4.8
2012-01-01,2012,1,1º trimestre,11,8.1,22.3
2016-10-01,2016,4,4º trimestre,14,9.3,19.5
2024-04-01,2024,2,2º trimestre,52,5.2,11.6
2019-04-01,2019,2,2º trimestre,43,8.3,16.1
2025-01-01,2025,1,1º trimestre,29,11.1,27.9
2014-07-01,2014,3,3º trimestre,25,9.3,27.5
2023-01-01,2023,1,1º trimestre,33,11.7,18.2
2023-07-01,2023,3,3º trimestre,25,9.3,26.7
2020-01-01,2020,1,1º trimestre,25,13.9,35.3
2012-07-01,2012,3,3º trimestre,50,5.0,12.7
2018-10-01,2018,4,4º trimestre,27,16.1,35.5
2021-04-01,2021,2,2º trimestre,12,16.3,37.5
2012-01-01,2012,1,1º trimestre,27,11.3,27.1
2025-10-01,2025,4,4º trimestre,22,8.0,27.8
2016-07-01,2016,3,3º trimestre,24,14.3,31.3
2015-10-01,2015,4,4º trimestre,50,6.0,14.0
2021-04-01,2021,2,2º trimestre,16,16.1,32.2
2015-04-01,2015,2,2º trimestre,23,8.9,24.6
2022-10-01,2022,4,4º trimestre,29,13.5,32.1
2018-04-01,2018,2,2º trimestre,25,11.1,33.3
2012-07-01,2012,3,3º trimestre,11,5.9,15.0
2012-01-01,2012,1,1º trimestre,42,4.1,11.2
2021-07-01,2021,3,3º trimestre,15,11.8,31.6
2014-01-01,2014,1,1º trimestre,21,6.5,20.8
2024-10-01,2024,4,4º trimestre,41,3.2,8.0
2020-07-01,2020,3,3º trimestre,25,17.4,43.8
2014-10-01,2014,4,4º trimestre,23,6.6,22.2
2021-01-01,2021,1,1º trimestre,16,15.3,32.5
2015-07-01,2015,3,3º trimestre,22,7.7,33.8
2014-07-01,2014,3,3º trimestre,28,9.1,26.6
2017-10-01,2017,4,4º trimestre,21,13.5,36.0
2012-07-01,2012,3,3º trimestre,14,7.5,20.3
2022-04-01,2022,2,2º trimestre,43,6.3,14.9
2018-04-01,2018,2,2º trimestre,22,13.5,41.0
2021-04-01,2021,2,2º trimestre,43,8.8,17.8
2025-04-01,2025,2,2º trimestre,12,7.3,18.2
2023-01-01,2023,1,1º trimestre,23,9.6,26.1
2019-10-01,2019,4,4º trimestre,43,7.3,14.7
2023-10-01,2023,4,4º trimestre,14,7.1,16.5
2021-04-01,2021,2,2º trimestre,53,14.4,26.1
2025-07-01,2025,3,3º trimestre,53,8.0,15.3
2022-10-01,2022,4,4º trimestre,24,10.0,27.1
2017-01-01,2017,1,1º trimestre,35,14.4,20.6
2021-01-01,2021,1,1º trimestre,29,21.7,45.2
2024-01-01,2024,1,1º trimestre,14,7.7,18.7
2018-04-01,2018,2,2º trimestre,17,11.4,23.2
2022-07-01,2022,3,3º trimestre,22,9.3,40.6
2016-04-01,2016,2,2º trimestre,42,6.8,10.0
2025-01-01,2025,1,1º trimestre,16,8.6,15.8
2014-01-01,2014,1,1º trimestre,14,7.7,19.8
2018-01-01,2018,1,1º trimestre,28,17.3,36.9
2025-01-01,2025,1,1º trimestre,13,10.0,17.3
2025-04-01,2025,2,2º trimestre,42,2.2,4.4
2022-01-01,2022,1,1º trimestre,42,4.6,8.4
2019-07-01,2019,3,3º trimestre,16,16.9,34.3
2018-10-01,2018,4,4º trimestre,52,8.4,15.7
2021-07-01,2021,3,3º trimestre,23,12.5,34.5
2019-04-01,2019,2,2º trimestre,28,15.5,39.5
2014-04-01,2014,2,2º trimestre,41,4.2,9.1
2026-01-01,2026,1,1º trimestre,15,7.0,21.7
2024-07-01,2024,3,3º trimestre,23,6.7,22.1
2012-10-01,2012,4,4º trimestre,16,12.0,19.7
2012-07-01,2012,3,3º trimestre,51,5.2,11.7
2023-04-01,2023,2,2º trimestre,16,12.3,22.0
2021-10-01,2021,4,4º trimestre,26,17.2,33.8
2024-07-01,2024,3,3º trimestre,17,5.1,16.1
2022-04-01,2022,2,2º trimestre,14,6.2,14.3
2018-01-01,2018,1,1º trimestre,51,9.5,16.1
2024-04-01,2024,2,2º trimestre,50,3.8,9.9
2012-10-01,2012,4,4º trimestre,24,11.6,29.2
2018-07-01,2018,3,3º trimestre,43,8.3,15.6
2014-01-01,2014,1,1º trimestre,33,6.7,9.3
2013-01-01,2013,1,1º trimestre,43,5.4,12.6
2024-04-01,2024,2,2º trimestre,23,7.5,23.6
2018-10-01,2018,4,4º trimestre,33,14.9,19.6
2012-10-01,2012,4,4º trimestre,12,8.2,18.7
2016-04-01,2016,2,2º trimestre,17,11.2,20.3
2012-07-01,2012,3,3º trimestre,52,5.0,10.8
2014-01-01,2014,1,1º trimestre,24,11.8,26.0
2022-10-01,2022,4,4º trimestre,32,7.3,14.2
2018-10-01,2018,4,4º trimestre,24,13.5,37.0
2019-04-01,2019,2,2º trimestre,12,13.8,31.7
2019-07-01,2019,3,3º trimestre,12,13.1,30.7
2023-10-01,2023,4,4º trimestre,26,12.0,26.6
2024-07-01,2024,3,3º trimestre,27,7.8,26.3
2012-07-01,2012,3,3º trimestre,43,4.7,12.4
2014-10-01,2014,4,4º trimestre,16,9.6,16.6
2026-01-01,2026,1,1º trimestre,17,5.6,13.6
2014-07-01,2014,3,3º trimestre,22,6.2,33.0
2023-07-01,2023,3,3º trimestre,35,7.2,13.9
2013-01-01,2013,1,1º trimestre,21,9.5,23.6
2012-04-01,2012,2,2º trimestre,43,5.1,13.9
2017-10-01,2017,4,4º trimestre,29,15.1,37.9
2024-01-01,2024,1,1º trimestre,22,10.0,37.1
2023-10-01,2023,4,4º trimestre,15,7.8,23.5
2013-01-01,2013,1,1º trimestre,11,6.2,16.2
2022-04-01,2022,2,2º trimestre,50,5.2,12.3
2021-04-01,2021,2,2º trimestre,25,15.5,38.3
2017-01-01,2017,1,1º trimestre,53,14.3,19.7
2016-07-01,2016,3,3º trimestre,15,11.1,26.9
2015-04-01,2015,2,2º trimestre,11,4.9,11.6
2017-07-01,2017,3,3º trimestre,25,10.9,32.6
2018-07-01,2018,3,3º trimestre,25,11.0,33.2
2023-01-01,2023,1,1º trimestre,14,6.7,14.1
2020-04-01,2020,2,2º trimestre,50,11.6,22.8
2015-10-01,2015,4,4º trimestre,22,7.3,29.4
2019-01-01,2019,1,1º trimestre,15,11.6,30.7
2019-07-01,2019,3,3º trimestre,24,13.7,35.7
2017-04-01,2017,2,2º trimestre,17,11.7,21.9
2016-07-01,2016,3,3º trimestre,25,13.0,31.9
2013-10-01,2013,4,4º trimestre,11,4.9,11.7
2020-04-01,2020,2,2º trimestre,43,9.7,20.1
2018-01-01,2018,1,1º trimestre,43,8.6,15.6
2018-10-01,2018,4,4º trimestre,17,10.5,22.8
2017-04-01,2017,2,2º trimestre,50,9.0,17.4
2012-10-01,2012,4,4º trimestre,21,7.6,21.8
2022-07-01,2022,3,3º trimestre,14,4.9,13.7
2024-07-01,2024,3,3º trimestre,52,5.2,10.6
2015-07-01,2015,3,3º trimestre,23,9.7,25.5
2012-07-01,2012,3,3º trimestre,17,7.3,19.6
2014-10-01,2014,4,4º trimestre,53,8.8,14.0
2023-07-01,2023,3,3º trimestre,43,5.4,12.0
2019-10-01,2019,4,4º trimestre,26,14.2,29.3
2014-04-01,2014,2,2º trimestre,31,6.9,14.8
2014-10-01,2014,4,4º trimestre,13,7.9,14.1
2024-04-01,2024,2,2º trimestre,22,7.6,33.0
2025-10-01,2025,4,4º trimestre,33,6.9,13.0
2023-10-01,2023,4,4º trimestre,41,4.7,10.0
2021-10-01,2021,4,4º trimestre,31,9.5,22.2
2020-01-01,2020,1,1º trimestre,11,8.5,18.1
2023-01-01,2023,1,1º trimestre,35,8.5,15.5
2014-04-01,2014,2,2º trimestre,11,4.2,10.0
2016-01-01,2016,1,1º trimestre,22,9.6,31.5
2015-04-01,2015,2,2º trimestre,42,4.0,6.8
2020-10-01,2020,4,4º trimestre,17,11.3,30.0
2025-04-01,2025,2,2º trimestre,31,4.0,10.4
2019-01-01,2019,1,1º trimestre,51,9.2,16.6
2024-10-01,2024,4,4º trimestre,11,2.8,7.4
2023-10-01,2023,4,4º trimestre,29,12.7,33.3
2020-01-01,2020,1,1º trimestre,43,8.5,16.0
2020-01-01,2020,1,1º trimestre,26,14.8,30.1
2019-10-01,2019,4,4º trimestre,28,15.1,33.4
2017-01-01,2017,1,1º trimestre,23,14.5,30.3
2012-01-01,2012,1,1º trimestre,50,7.6,22.2
2025-04-01,2025,2,2º trimestre,22,8.5,30.2
2023-10-01,2023,4,4º trimestre,52,5.6,11.7
2015-04-01,2015,2,2º trimestre,32,6.8,10.2
2026-01-01,2026,1,1º trimestre,14,5.7,14.0
2021-07-01,2021,3,3º trimestre,26,19.3,35.5
2024-07-01,2024,3,3º trimestre,21,7.6,24.2
2022-10-01,2022,4,4º trimestre,22,9.5,38.8
2022-04-01,2022,2,2º trimestre,25,12.3,31.2
2015-10-01,2015,4,4º trimestre,51,5.8,10.1
2016-04-01,2016,2,2º trimestre,16,16.2,24.1
2020-04-01,2020,2,2º trimestre,27,18.2,46.5
2021-10-01,2021,4,4º trimestre,41,7.0,15.2
2012-10-01,2012,4,4º trimestre,27,11.1,24.1
2021-04-01,2021,2,2º trimestre,23,15.1,38.8
2021-04-01,2021,2,2º trimestre,31,12.7,26.6
2018-07-01,2018,3,3º trimestre,41,8.7,16.5
2017-07-01,2017,3,3º trimestre,50,8.0,17.6
2016-10-01,2016,4,4º trimestre,23,12.6,30.6
2025-10-01,2025,4,4º trimestre,43,3.7,7.9
2013-04-01,2013,2,2º trimestre,43,4.6,11.9
2018-07-01,2018,3,3º trimestre,29,16.4,38.9
2015-04-01,2015,2,2º trimestre,31,8.0,18.4
2023-10-01,2023,4,4º trimestre,24,8.5,23.1
2024-04-01,2024,2,2º trimestre,51,3.3,8.2
2020-04-01,2020,2,2º trimestre,24,15.2,40.6
2015-04-01,2015,2,2º trimestre,51,6.3,10.6
2019-01-01,2019,1,1º trimestre,31,11.3,24.5
2020-07-01,2020,3,3º trimestre,27,20.5,49.8
2015-01-01,2015,1,1º trimestre,51,5.8,10.9
2022-07-01,2022,3,3º trimestre,16,10.8,20.6
2014-10-01,2014,4,4º trimestre,27,9.5,22.6
2019-07-01,2019,3,3º trimestre,52,11.1,18.1
2021-07-01,2021,3,3º trimestre,51,6.7,12.9
2023-01-01,2023,1,1º trimestre,53,12.0,20.4
2022-01-01,2022,1,1º trimestre,26,17.1,33.0
2019-04-01,2019,2,2º trimestre,14,15.1,31.5
2020-04-01,2020,2,2º trimestre,41,9.6,19.2
2025-04-01,2025,2,2º trimestre,33,8.1,14.2
2015-10-01,2015,4,4º trimestre,17,9.0,19.9
2024-01-01,2024,1,1º trimestre,33,10.3,16.9
2019-07-01,2019,3,3º trimestre,21,14.4,41.7
2022-01-01,2022,1,1º trimestre,35,10.8,19.1
2012-04-01,2012,2,2º trimestre,15,7.9,27.0
2025-07-01,2025,3,3º trimestre,33,7.5,14.0
2016-01-01,2016,1,1º trimestre,53,11.3,15.4
2015-01-01,2015,1,1º trimestre,27,11.2,25.3
2017-10-01,2017,4,4º trimestre,50,7.4,17.6
2023-07-01,2023,3,3º trimestre,24,10.1,25.6
2015-01-01,2015,1,1º trimestre,24,11.6,25.4
2013-01-01,2013,1,1º trimestre,22,8.4,32.7
2021-10-01,2021,4,4º trimestre,27,14.6,38.2
2022-10-01,2022,4,4º trimestre,13,10.1,20.8
2016-10-01,2016,4,4º trimestre,25,12.1,33.1
2015-01-01,2015,1,1º trimestre,41,5.4,10.6
2026-01-01,2026,1,1º trimestre,53,7.1,14.8
2024-10-01,2024,4,4º trimestre,32,4.0,7.7
2025-07-01,2025,3,3º trimestre,35,5.2,10.7
2015-10-01,2015,4,4º trimestre,12,7.7,17.7
2025-10-01,2025,4,4º trimestre,25,5.7,19.6
2017-01-01,2017,1,1º trimestre,41,10.4,17.3
2023-01-01,2023,1,1º trimestre,17,6.9,17.3
2025-01-01,2025,1,1º trimestre,25,8.7,25.4
2015-07-01,2015,3,3º trimestre,15,8.5,24.7
2018-01-01,2018,1,1º trimestre,42,6.6,10.8
2023-01-01,2023,1,1º trimestre,26,14.1,27.0
2014-01-01,2014,1,1º trimestre,23,7.9,23.4
2019-10-01,2019,4,4º trimestre,24,12.9,35.5
2014-04-01,2014,2,2º trimestre,26,8.0,16.6
2020-01-01,2020,1,1º trimestre,52,11.6,19.7
2017-07-01,2017,3,3º trimestre,14,9.2,23.0
2012-04-01,2012,2,2º trimestre,31,7.2,18.0
2018-07-01,2018,3,3º trimestre,28,17.7,37.5
2018-04-01,2018,2,2º trimestre,29,16.7,40.1
2020-04-01,2020,2,2º trimestre,13,16.6,34.3
2018-04-01,2018,2,2º trimestre,14,11.5,25.1
2015-07-01,2015,3,3º trimestre,31,8.8,19.9
2023-04-01,2023,2,2º trimestre,42,3.5,6.4
2012-10-01,2012,4,4º trimestre,33,6.9,11.2
2019-10-01,2019,4,4º trimestre,29,16.6,39.4
2013-01-01,2013,1,1º trimestre,26,10.7,22.3
2025-07-01,2025,3,3º trimestre,51,2.3,6.0
2020-10-01,2020,4,4º trimestre,35,14.8,25.2
2016-01-01,2016,1,1º trimestre,41,8.1,13.9
2018-01-01,2018,1,1º trimestre,41,9.7,17.6
2021-10-01,2021,4,4º trimestre,42,4.4,8.7
2025-04-01,2025,2,2º trimestre,52,4.4,8.8
2013-07-01,2013,3,3º trimestre,21,7.5,22.4
2023-01-01,2023,1,1º trimestre,13,10.5,22.5
2017-07-01,2017,3,3º trimestre,43,8.2,15.8
2025-01-01,2025,1,1º trimestre,17,6.4,16.1
2012-07-01,2012,3,3º trimestre,21,7.8,21.2
2017-04-01,2017,2,2º trimestre,35,13.6,20.6
2023-07-01,2023,3,3º trimestre,14,7.7,15.4
2014-10-01,2014,4,4º trimestre,14,6.5,19.7
2012-01-01,2012,1,1º trimestre,51,6.6,16.2
2021-04-01,2021,2,2º trimestre,24,16.3,39.4
2023-04-01,2023,2,2º trimestre,43,5.3,11.4
2022-10-01,2022,4,4º trimestre,14,4.6,13.1
2012-04-01,2012,2,2º trimestre,24,11.4,29.8
2015-07-01,2015,3,3º trimestre,53,10.4,14.6
2017-10-01,2017,4,4º trimestre,14,9.6,20.9
2022-04-01,2022,2,2º trimestre,42,4.0,7.1
2020-07-01,2020,3,3º trimestre,24,17.8,41.9
2015-04-01,2015,2,2º trimestre,24,11.8,27.0
2012-01-01,2012,1,1º trimestre,31,7.9,20.0
2017-10-01,2017,4,4º trimestre,51,7.4,14.3
2018-04-01,2018,2,2º trimestre,15,11.3,30.5
2023-07-01,2023,3,3º trimestre,50,4.0,9.3
2020-10-01,2020,4,4º trimestre,50,9.6,20.5
2014-01-01,2014,1,1º trimestre,29,11.6,29.1
2024-04-01,2024,2,2º trimestre,43,5.9,12.4
2017-10-01,2017,4,4º trimestre,25,10.2,32.1
2016-10-01,2016,4,4º trimestre,13,15.1,25.4
2020-07-01,2020,3,3º trimestre,17,12.6,29.9
2021-10-01,2021,4,4º trimestre,50,6.5,15.4
2014-01-01,2014,1,1º trimestre,51,4.5,10.1
2018-04-01,2018,2,2º trimestre,50,7.7,16.8
2023-01-01,2023,1,1º trimestre,43,5.4,11.5
2017-04-01,2017,2,2º trimestre,15,11.5,29.8
2019-07-01,2019,3,3º trimestre,22,12.9,41.3
2017-07-01,2017,3,3º trimestre,32,13.2,20.1
2021-01-01,2021,1,1º trimestre,31,14.0,27.7
2018-01-01,2018,1,1º trimestre,26,17.9,34.0
2017-10-01,2017,4,4º trimestre,26,17.0,32.4
2022-04-01,2022,2,2º trimestre,51,4.4,10.2
2019-04-01,2019,2,2º trimestre,23,11.0,30.1
2014-04-01,2014,2,2º trimestre,32,6.6,10.5
2021-04-01,2021,2,2º trimestre,35,14.6,24.9
2012-01-01,2012,1,1º trimestre,26,9.6,24.3
2017-04-01,2017,2,2º trimestre,16,17.6,29.6
2023-10-01,2023,4,4º trimestre,27,8.9,27.8
2016-01-01,2016,1,1º trimestre,43,7.6,14.1
2014-10-01,2014,4,4º trimestre,26,7.7,16.6
2025-07-01,2025,3,3º trimestre,32,2.6,6.1
2024-01-01,2024,1,1º trimestre,41,4.8,10.6
2025-01-01,2025,1,1º trimestre,42,3.0,5.4
2025-01-01,2025,1,1º trimestre,12,8.2,19.3
2017-04-01,2017,2,2º trimestre,28,14.3,32.7
2019-07-01,2019,3,3º trimestre,42,5.8,10.7
2015-01-01,2015,1,1º trimestre,16,9.7,17.6
2023-01-01,2023,1,1º trimestre,50,4.8,9.8
2019-01-01,2019,1,1º trimestre,21,16.7,41.4
2014-01-01,2014,1,1º trimestre,32,6.4,11.0
2020-01-01,2020,1,1º trimestre,15,10.7,27.5
2023-07-01,2023,3,3º trimestre,31,6.0,13.8
2024-01-01,2024,1,1º trimestre,16,10.9,19.3
2014-10-01,2014,4,4º trimestre,33,5.8,8.1
2014-04-01,2014,2,2º trimestre,53,9.1,13.9
2017-10-01,2017,4,4º trimestre,12,12.3,28.6
2021-01-01,2021,1,1º trimestre,28,20.7,43.5
2024-07-01,2024,3,3º trimestre,16,8.3,15.9
2016-07-01,2016,3,3º trimestre,52,10.7,16.2
2021-01-01,2021,1,1º trimestre,50,10.6,22.3
2016-01-01,2016,1,1º trimestre,33,10.2,12.7
2021-04-01,2021,2,2º trimestre,14,14.1,31.2
2014-01-01,2014,1,1º trimestre,31,7.1,15.0
2014-07-01,2014,3,3º trimestre,27,9.9,20.3
2016-04-01,2016,2,2º trimestre,25,11.0,30.1
2018-07-01,2018,3,3º trimestre,12,13.3,30.0
2021-01-01,2021,1,1º trimestre,26,21.4,37.0
2024-10-01,2024,4,4º trimestre,50,3.7,9.1
2021-04-01,2021,2,2º trimestre,33,17.9,26.4
2026-01-01,2026,1,1º trimestre,31,5.0,12.0
2016-07-01,2016,3,3º trimestre,42,6.4,9.8
2020-07-01,2020,3,3º trimestre,15,11.1,31.1
2012-04-01,2012,2,2º trimestre,23,8.2,27.8
2017-10-01,2017,4,4º trimestre,17,10.6,22.7
2024-07-01,2024,3,3º trimestre,50,3.4,9.2
2022-10-01,2022,4,4º trimestre,15,8.2,23.3
2021-07-01,2021,3,3º trimestre,32,10.0,20.4
2023-10-01,2023,4,4º trimestre,17,5.8,16.5
2013-04-01,2013,2,2º trimestre,11,4.8,11.8
2017-07-01,2017,3,3º trimestre,31,12.3,23.2
2022-04-01,2022,2,2º trimestre,17,5.5,18.0
2014-10-01,2014,4,4º trimestre,51,4.1,8.6
2025-04-01,2025,2,2º trimestre,35,5.1,10.8
2025-01-01,2025,1,1º trimestre,53,9.2,19.1
2022-01-01,2022,1,1º trimestre,41,6.8,14.1
2021-07-01,2021,3,3º trimestre,41,8.0,17.3
2018-04-01,2018,2,2º trimestre,21,14.5,39.9
2019-10-01,2019,4,4º trimestre,52,10.6,16.8
2025-10-01,2025,4,4º trimestre,11,2.6,6.9
2018-04-01,2018,2,2º trimestre,35,13.8,21.7
2012-07-01,2012,3,3º trimestre,53,8.7,15.2
2021-10-01,2021,4,4º trimestre,13,13.1,27.4
2019-10-01,2019,4,4º trimestre,21,12.5,38.4
2012-04-01,2012,2,2º trimestre,25,9.4,32.4
2024-07-01,2024,3,3º trimestre,12,7.4,16.7
2013-10-01,2013,4,4º trimestre,50,4.5,11.1
2020-01-01,2020,1,1º trimestre,23,12.4,30.8
2013-10-01,2013,4,4º trimestre,28,8.8,28.4
2021-07-01,2021,3,3º trimestre,52,10.1,19.4
2018-07-01,2018,3,3º trimestre,16,18.4,33.9
2023-07-01,2023,3,3º trimestre,27,9.0,27.5
2013-04-01,2013,2,2º trimestre,29,11.9,30.9
2024-01-01,2024,1,1º trimestre,27,9.9,29.3
2015-01-01,2015,1,1º trimestre,28,8.8,26.8
2025-07-01,2025,3,3º trimestre,17,3.8,12.1
2025-10-01,2025,4,4º trimestre,28,7.5,24.3
2022-10-01,2022,4,4º trimestre,17,5.2,15.8
2015-04-01,2015,2,2º trimestre,22,7.7,32.8
2024-07-01,2024,3,3º trimestre,22,8.0,33.7
2025-07-01,2025,3,3º trimestre,14,4.7,12.5
2013-07-01,2013,3,3º trimestre,16,10.9,22.0
2017-10-01,2017,4,4º trimestre,22,13.4,40.9
2019-10-01,2019,4,4º trimestre,23,10.3,28.5
2019-07-01,2019,3,3º trimestre,25,11.4,33.7
2014-01-01,2014,1,1º trimestre,11,5.0,10.5
2016-01-01,2016,1,1º trimestre,32,11.2,15.5
2016-10-01,2016,4,4º trimestre,50,8.2,16.2
2012-07-01,2012,3,3º trimestre,12,7.7,19.0
2026-01-01,2026,1,1º trimestre,51,3.1,6.7
2023-07-01,2023,3,3º trimestre,29,13.3,33.0
2018-04-01,2018,2,2º trimestre,28,17.1,37.9
2022-10-01,2022,4,4º trimestre,31,5.8,14.7
2015-04-01,2015,2,2º trimestre,14,7.9,18.8
2015-10-01,2015,4,4º trimestre,15,8.7,22.6
2018-07-01,2018,3,3º trimestre,42,6.2,11.2
2016-10-01,2016,4,4º trimestre,41,8.2,14.7
2016-07-01,2016,3,3º trimestre,29,16.0,34.3
2019-07-01,2019,3,3º trimestre,32,10.8,19.0
2023-07-01,2023,3,3º trimestre,17,5.3,16.8
2024-07-01,2024,3,3º trimestre,15,6.9,21.0
2022-04-01,2022,2,2º trimestre,16,11.4,23.1
2019-10-01,2019,4,4º trimestre,31,9.6,21.7
2017-07-01,2017,3,3º trimestre,51,9.5,14.9
2020-04-01,2020,2,2º trimestre,23,12.3,36.4
2018-10-01,2018,4,4º trimestre,41,7.9,16.0
2020-07-01,2020,3,3º trimestre,53,15.7,24.8
2016-10-01,2016,4,4º trimestre,12,11.7,22.1
2022-07-01,2022,3,3º trimestre,27,10.2,32.0
2025-01-01,2025,1,1º trimestre,32,4.0,7.9
2017-07-01,2017,3,3º trimestre,52,9.3,17.3
2025-10-01,2025,4,4º trimestre,17,4.0,13.1
2018-01-01,2018,1,1º trimestre,53,14.1,21.9
2020-07-01,2020,3,3º trimestre,35,15.4,26.9
2016-07-01,2016,3,3º trimestre,12,12.2,22.1
2013-04-01,2013,2,2º trimestre,12,9.5,23.5
2015-10-01,2015,4,4º trimestre,53,9.8,14.7
2017-04-01,2017,2,2º trimestre,26,19.0,31.7
2019-04-01,2019,2,2º trimestre,15,11.3,30.3
2017-01-01,2017,1,1º trimestre,25,13.4,33.5
2013-07-01,2013,3,3º trimestre,23,7.3,23.8
2013-10-01,2013,4,4º trimestre,22,7.0,31.3
2016-01-01,2016,1,1º trimestre,28,11.6,27.2
2017-04-01,2017,2,2º trimestre,32,13.5,20.0
2013-10-01,2013,4,4º trimestre,27,9.5,22.1
2013-10-01,2013,4,4º trimestre,51,3.8,8.5
2012-10-01,2012,4,4º trimestre,52,5.1,11.0
2019-10-01,2019,4,4º trimestre,11,8.2,15.7
2016-04-01,2016,2,2º trimestre,53,11.0,16.9
2015-04-01,2015,2,2º trimestre,25,9.3,29.2
2013-07-01,2013,3,3º trimestre,17,6.2,21.3
2020-10-01,2020,4,4º trimestre,53,14.5,24.9
2023-04-01,2023,2,2º trimestre,28,10.3,31.3
2021-07-01,2021,3,3º trimestre,33,15.9,24.4
2021-01-01,2021,1,1º trimestre,14,14.4,33.0
2024-04-01,2024,2,2º trimestre,21,7.3,25.1
2022-10-01,2022,4,4º trimestre,21,8.4,30.1
2020-07-01,2020,3,3º trimestre,51,10.2,18.9
2023-07-01,2023,3,3º trimestre,51,2.5,8.5
2014-01-01,2014,1,1º trimestre,27,9.9,22.4
2018-04-01,2018,2,2º trimestre,31,10.9,23.4
2013-07-01,2013,3,3º trimestre,15,7.7,22.6
2024-04-01,2024,2,2º trimestre,32,4.5,9.2
2024-07-01,2024,3,3º trimestre,53,8.9,18.3
2019-10-01,2019,4,4º trimestre,22,13.3,42.3
2025-07-01,2025,3,3º trimestre,22,7.5,29.1
2021-07-01,2021,3,3º trimestre,12,13.8,33.3
2020-10-01,2020,4,4º trimestre,42,5.4,10.8
2012-04-01,2012,2,2º trimestre,13,9.1,18.8
2018-04-01,2018,2,2º trimestre,13,14.3,27.0
2021-01-01,2021,1,1º trimestre,32,13.2,24.9
2012-04-01,2012,2,2º trimestre,52,5.3,12.7
2021-01-01,2021,1,1º trimestre,21,17.6,47.9
2018-07-01,2018,3,3º trimestre,22,12.5,40.1
2018-01-01,2018,1,1º trimestre,21,15.9,37.6
2013-04-01,2013,2,2º trimestre,28,11.4,28.9
2019-01-01,2019,1,1º trimestre,35,13.6,21.0
2023-10-01,2023,4,4º trimestre,22,10.6,37.1
2025-10-01,2025,4,4º trimestre,23,5.0,17.4
2021-01-01,2021,1,1º trimestre,25,16.2,40.0
2020-10-01,2020,4,4º trimestre,22,12.3,47.2
2019-07-01,2019,3,3º trimestre,43,8.9,16.3
2022-01-01,2022,1,1º trimestre,28,15.1,39.0
2022-01-01,2022,1,1º trimestre,13,13.1,25.7
2013-04-01,2013,2,2º trimestre,23,8.5,25.4
2023-01-01,2023,1,1º trimestre,52,6.8,13.6
2022-01-01,2022,1,1º trimestre,16,14.3,23.8
2022-01-01,2022,1,1º trimestre,51,5.3,11.4
2014-01-01,2014,1,1º trimestre,26,8.8,18.5
2023-04-01,2023,2,2º trimestre,15,8.5,24.9
2024-04-01,2024,2,2º trimestre,16,8.9,17.1
2019-01-01,2019,1,1º trimestre,52,10.9,18.9
2015-07-01,2015,3,3º trimestre,16,11.9,21.4
2025-10-01,2025,4,4º trimestre,24,6.7,18.7
2013-01-01,2013,1,1º trimestre,42,3.7,6.9
2013-04-01,2013,2,2º trimestre,13,10.3,17.6
2018-01-01,2018,1,1º trimestre,14,10.5,23.2
2018-04-01,2018,2,2º trimestre,12,13.7,28.7
2017-01-01,2017,1,1º trimestre,17,12.7,22.4
2026-01-01,2026,1,1º trimestre,25,7.0,19.3
2020-04-01,2020,2,2º trimestre,53,15.6,25.9
2016-10-01,2016,4,4º trimestre,29,16.7,36.5
2023-07-01,2023,3,3º trimestre,11,2.3,5.3
2022-04-01,2022,2,2º trimestre,27,11.2,33.5
2023-10-01,2023,4,4º trimestre,23,8.8,23.7
2013-10-01,2013,4,4º trimestre,12,7.0,19.2
2024-04-01,2024,2,2º trimestre,12,7.2,17.6
2014-10-01,2014,4,4º trimestre,24,10.5,26.0
2015-01-01,2015,1,1º trimestre,31,8.3,18.1
2016-04-01,2016,2,2º trimestre,14,8.1,19.8
2020-04-01,2020,2,2º trimestre,21,16.7,46.3
2018-07-01,2018,3,3º trimestre,27,17.4,37.0
2013-07-01,2013,3,3º trimestre,14,8.0,24.1
2017-04-01,2017,2,2º trimestre,43,8.6,16.1
2021-10-01,2021,4,4º trimestre,35,11.2,20.8
2022-01-01,2022,1,1º trimestre,33,14.9,22.3
2014-07-01,2014,3,3º trimestre,41,4.2,9.4
2016-10-01,2016,4,4º trimestre,17,13.2,24.4
2015-04-01,2015,2,2º trimestre,17,7.7,19.6
2021-04-01,2021,2,2º trimestre,15,13.5,34.5
2021-01-01,2021,1,1º trimestre,53,15.0,25.9
2022-07-01,2022,3,3º trimestre,51,3.9,10.6
2019-04-01,2019,2,2º trimestre,24,12.7,37.6
2022-01-01,2022,1,1º trimestre,11,6.8,14.8
2023-10-01,2023,4,4º trimestre,53,9.7,16.2
2021-01-01,2021,1,1º trimestre,41,9.4,18.6
2015-10-01,2015,4,4º trimestre,43,6.7,13.0
2012-10-01,2012,4,4º trimestre,11,5.2,15.0
2018-01-01,2018,1,1º trimestre,33,15.1,19.1
2019-04-01,2019,2,2º trimestre,27,14.9,34.4
2014-01-01,2014,1,1º trimestre,13,8.3,15.0
2017-01-01,2017,1,1º trimestre,24,16.5,34.8
2014-04-01,2014,2,2º trimestre,17,7.8,18.1
2016-07-01,2016,3,3º trimestre,31,11.3,20.7
2012-01-01,2012,1,1º trimestre,13,11.1,23.5
2025-01-01,2025,1,1º trimestre,14,7.5,15.0
2021-07-01,2021,3,3º trimestre,43,8.4,17.5
2021-07-01,2021,3,3º trimestre,13,13.5,28.7
2024-01-01,2024,1,1º trimestre,53,9.6,18.5
2024-01-01,2024,1,1º trimestre,28,10.0,29.2
2018-07-01,2018,3,3º trimestre,21,14.1,39.0
2025-10-01,2025,4,4º trimestre,53,6.8,14.3
2024-07-01,2024,3,3º trimestre,35,6.1,12.3
2022-01-01,2022,1,1º trimestre,15,12.1,29.7
2015-01-01,2015,1,1º trimestre,35,8.6,13.0
2017-04-01,2017,2,2º trimestre,22,13.6,38.9
2019-04-01,2019,2,2º trimestre,16,17.2,36.8
2014-10-01,2014,4,4º trimestre,29,9.8,27.3
2013-01-01,2013,1,1º trimestre,51,5.8,12.8
2025-10-01,2025,4,4º trimestre,13,7.3,14.6
2022-07-01,2022,3,3º trimestre,13,9.4,22.0
2019-10-01,2019,4,4º trimestre,33,13.8,20.1
2020-10-01,2020,4,4º trimestre,13,15.7,31.2
2026-01-01,2026,1,1º trimestre,23,7.3,19.8
2020-04-01,2020,2,2º trimestre,35,13.9,25.7
2021-07-01,2021,3,3º trimestre,25,14.5,40.0
2025-04-01,2025,2,2º trimestre,11,2.3,7.6
2025-04-01,2025,2,2º trimestre,13,7.7,15.9
2012-07-01,2012,3,3º trimestre,31,6.4,15.8
2020-07-01,2020,3,3º trimestre,12,17.2,38.3
2018-07-01,2018,3,3º trimestre,33,14.7,19.7
2013-01-01,2013,1,1º trimestre,41,4.9,11.3
2016-10-01,2016,4,4º trimestre,24,14.7,32.9
2015-07-01,2015,3,3º trimestre,26,11.3,21.1
2014-04-01,2014,2,2º trimestre,29,10.1,26.4
2017-01-01,2017,1,1º trimestre,33,14.6,18.0
2020-10-01,2020,4,4º trimestre,16,15.9,32.5
2019-07-01,2019,3,3º trimestre,35,12.2,20.5
2013-04-01,2013,2,2º trimestre,24,10.9,27.1
2023-04-01,2023,2,2º trimestre,24,10.3,26.4
2020-01-01,2020,1,1º trimestre,53,13.6,22.9
2017-07-01,2017,3,3º trimestre,33,14.6,18.9
2017-07-01,2017,3,3º trimestre,16,17.0,27.5
2012-07-01,2012,3,3º trimestre,24,11.4,29.2
2012-04-01,2012,2,2º trimestre,14,5.9,21.6
2025-01-01,2025,1,1º trimestre,23,8.0,23.5
2025-01-01,2025,1,1º trimestre,27,9.0,27.3
2012-10-01,2012,4,4º trimestre,17,7.7,22.3
2022-10-01,2022,4,4º trimestre,43,4.6,11.5
2020-07-01,2020,3,3º trimestre,16,15.3,33.7
2013-07-01,2013,3,3º trimestre,51,3.9,9.5
2020-01-01,2020,1,1º trimestre,51,8.6,15.0
2014-04-01,2014,2,2º trimestre,51,4.0,9.6
2015-10-01,2015,4,4º trimestre,28,10.1,25.3
2025-04-01,2025,2,2º trimestre,14,5.9,13.7
2016-04-01,2016,2,2º trimestre,12,11.1,21.9
2022-10-01,2022,4,4º trimestre,23,7.8,25.1
2015-10-01,2015,4,4º trimestre,27,11.4,26.2
2024-01-01,2024,1,1º trimestre,32,5.9,11.2
2023-10-01,2023,4,4º trimestre,33,10.1,16.5
2020-01-01,2020,1,1º trimestre,50,7.9,17.7
2023-01-01,2023,1,1º trimestre,42,3.9,6.5
2016-04-01,2016,2,2º trimestre,50,7.0,14.4
2012-07-01,2012,3,3º trimestre,23,8.1,26.0
2016-07-01,2016,3,3º trimestre,11,8.5,15.1
2016-07-01,2016,3,3º trimestre,35,12.9,18.8
2025-07-01,2025,3,3º trimestre,21,6.1,22.7
2021-10-01,2021,4,4º trimestre,23,11.1,31.6
2018-01-01,2018,1,1º trimestre,12,14.6,30.7
2025-01-01,2025,1,1º trimestre,51,3.5,8.1
2021-07-01,2021,3,3º trimestre,53,14.6,25.5
2012-10-01,2012,4,4º trimestre,41,4.5,11.8
2019-07-01,2019,3,3º trimestre,26,16.0,30.9
2021-10-01,2021,4,4º trimestre,43,8.1,16.9
2014-07-01,2014,3,3º trimestre,50,4.1,11.3
2023-04-01,2023,2,2º trimestre,12,9.2,20.4
2025-07-01,2025,3,3º trimestre,50,2.9,7.0
2017-01-01,2017,1,1º trimestre,11,8.1,15.3
2020-10-01,2020,4,4º trimestre,41,10.1,19.4
2025-10-01,2025,4,4º trimestre,14,4.7,12.3
2012-04-01,2012,2,2º trimestre,27,11.7,26.8
2017-10-01,2017,4,4º trimestre,16,18.9,30.3
2021-04-01,2021,2,2º trimestre,11,9.8,20.8
2024-01-01,2024,1,1º trimestre,13,9.8,18.5
2023-01-01,2023,1,1º trimestre,12,9.7,21.5
2017-01-01,2017,1,1º trimestre,12,15.9,27.4
2019-01-01,2019,1,1º trimestre,26,16.3,32.0
2012-01-01,2012,1,1º trimestre,29,11.6,33.3
2025-04-01,2025,2,2º trimestre,23,6.6,21.4
2017-04-01,2017,2,2º trimestre,11,9.1,18.0
2023-04-01,2023,2,2º trimestre,41,4.9,10.8
2025-10-01,2025,4,4º trimestre,27,8.0,25.1
2014-01-01,2014,1,1º trimestre,12,8.1,19.6
2019-01-01,2019,1,1º trimestre,33,15.4,20.3
2014-10-01,2014,4,4º trimestre,15,7.1,20.1
2017-01-01,2017,1,1º trimestre,31,13.8,24.4
2023-04-01,2023,2,2º trimestre,51,3.0,7.6
2025-04-01,2025,2,2º trimestre,28,8.1,26.0
2013-10-01,2013,4,4º trimestre,23,6.9,22.6
2013-07-01,2013,3,3º trimestre,33,6.9,10.0
2022-04-01,2022,2,2º trimestre,52,6.9,14.8
2012-10-01,2012,4,4º trimestre,13,8.3,16.5
2015-04-01,2015,2,2º trimestre,26,9.2,18.5
2024-07-01,2024,3,3º trimestre,11,2.1,5.6
2019-01-01,2019,1,1º trimestre,27,16.2,36.6
2016-01-01,2016,1,1º trimestre,21,11.2,26.1
2025-07-01,2025,3,3º trimestre,25,7.0,20.5
2017-10-01,2017,4,4º trimestre,13,13.6,25.2
2022-01-01,2022,1,1º trimestre,52,9.0,15.8
2014-07-01,2014,3,3º trimestre,51,3.8,8.9
2015-01-01,2015,1,1º trimestre,21,9.0,23.9
2012-01-01,2012,1,1º trimestre,33,8.5,16.5
2025-04-01,2025,2,2º trimestre,17,5.3,13.6
2014-10-01,2014,4,4º trimestre,11,3.6,10.5
2017-04-01,2017,2,2º trimestre,13,15.6,26.8
2021-04-01,2021,2,2º trimestre,22,15.4,46.9
2020-10-01,2020,4,4º trimestre,31,12.5,26.8
2018-10-01,2018,4,4º trimestre,51,7.0,14.2
2024-01-01,2024,1,1º trimestre,29,14.0,32.5
2017-07-01,2017,3,3º trimestre,17,11.9,22.3
2016-07-01,2016,3,3º trimestre,33,12.2,14.7
2022-10-01,2022,4,4º trimestre,11,3.1,7.3
2019-04-01,2019,2,2º trimestre,17,11.5,25.4
2015-01-01,2015,1,1º trimestre,52,7.0,11.7
2021-01-01,2021,1,1º trimestre,24,15.4,39.8
2024-10-01,2024,4,4º trimestre,43,4.5,9.5
2020-07-01,2020,3,3º trimestre,14,19.0,38.6
2024-07-01,2024,3,3º trimestre,26,10.6,26.0
2023-10-01,2023,4,4º trimestre,12,6.7,17.3
2012-04-01,2012,2,2º trimestre,32,7.2,14.1
2017-01-01,2017,1,1º trimestre,42,7.9,11.2
2016-10-01,2016,4,4º trimestre,11,8.0,14.2
2015-04-01,2015,2,2º trimestre,15,9.1,24.2
2020-01-01,2020,1,1º trimestre,22,14.2,45.4
2023-04-01,2023,2,2º trimestre,50,4.1,9.6
2020-04-01,2020,2,2º trimestre,33,16.7,27.4
2014-01-01,2014,1,1º trimestre,25,9.3,30.8
2021-10-01,2021,4,4º trimestre,28,14.7,39.9
2013-01-01,2013,1,1º trimestre,23,8.9,26.6
2021-01-01,2021,1,1º trimestre,22,15.2,49.3
2017-04-01,2017,2,2º trimestre,33,15.8,19.6
2017-04-01,2017,2,2º trimestre,52,11.1,18.0
2018-04-01,2018,2,2º trimestre,26,17.1,33.0
2024-07-01,2024,3,3º trimestre,28,8.4,25.7
2023-07-01,2023,3,3º trimestre,28,9.9,31.9
2025-10-01,2025,4,4º trimestre,12,6.4,17.9
2017-04-01,2017,2,2º trimestre,12,15.0,29.2
2014-07-01,2014,3,3º trimestre,15,7.2,19.3
2024-01-01,2024,1,1º trimestre,31,6.3,14.5
2018-01-01,2018,1,1º trimestre,27,17.9,38.1
2019-01-01,2019,1,1º trimestre,41,9.0,17.7
2015-01-01,2015,1,1º trimestre,14,9.1,20.8
2017-10-01,2017,4,4º trimestre,11,7.6,15.8
2019-01-01,2019,1,1º trimestre,24,14.1,36.9
2012-07-01,2012,3,3º trimestre,16,14.2,20.2
2015-10-01,2015,4,4º trimestre,41,5.9,11.3
2016-04-01,2016,2,2º trimestre,28,12.9,30.5
2015-07-01,2015,3,3º trimestre,13,10.3,16.6
2022-07-01,2022,3,3º trimestre,15,8.8,25.8
2023-04-01,2023,2,2º trimestre,53,8.8,16.3
2015-01-01,2015,1,1º trimestre,33,6.6,9.0
2021-10-01,2021,4,4º trimestre,11,6.8,15.0
2022-07-01,2022,3,3º trimestre,26,14.0,30.1
2019-01-01,2019,1,1º trimestre,42,7.3,12.1
2019-07-01,2019,3,3º trimestre,50,7.7,16.4
2017-04-01,2017,2,2º trimestre,53,13.3,20.3
2024-04-01,2024,2,2º trimestre,27,8.2,26.5
2015-04-01,2015,2,2º trimestre,41,6.2,11.5
2012-10-01,2012,4,4º trimestre,53,8.9,15.0
2020-10-01,2020,4,4º trimestre,24,15.6,40.8
2016-01-01,2016,1,1º trimestre,17,10.8,20.3
2020-10-01,2020,4,4º trimestre,43,8.6,18.8
2012-01-01,2012,1,1º trimestre,32,7.6,17.2
2014-01-01,2014,1,1º trimestre,43,5.4,11.6
2018-07-01,2018,3,3º trimestre,31,9.8,23.0
2026-01-01,2026,1,1º trimestre,43,4.0,8.4
2026-01-01,2026,1,1º trimestre,13,8.3,16.9
2014-04-01,2014,2,2º trimestre,12,9.7,18.3
2015-10-01,2015,4,4º trimestre,24,12.3,26.6
2020-07-01,2020,3,3º trimestre,26,19.3,38.9
2025-07-01,2025,3,3º trimestre,11,2.6,7.0
2021-10-01,2021,4,4º trimestre,12,13.2,31.1
2024-04-01,2024,2,2º trimestre,41,4.4,9.9
2013-10-01,2013,4,4º trimestre,21,5.6,20.1
2020-07-01,2020,3,3º trimestre,52,13.6,24.3
